"Date","Type","Category","Amount","Description","Source","Person_in_Charge","Voucher_Code"
"2026-01-01","expense","Rent","4500.00","Monthly rental for outlet Taman A","Manual","Jack",""
"2026-01-01","expense","Rent","4500.00","Monthly rental for outlet Taman B","Manual","Sarah",""
"2026-01-01","expense","Rent","4500.00","Monthly rental for outlet Taman C","Manual","Ali",""
"2026-01-01","expense","Rent","4500.00","Monthly rental for outlet Taman D","Manual","Tan",""
"2026-01-01","expense","Rent","4500.00","Monthly rental for outlet Taman E","Manual","Lim",""
"2026-01-10","expense","Utilities","312.42","Electricity bill for Taman A","Manual","Sarah",""
"2026-01-10","expense","Utilities","82.52","Water bill for Taman A","Manual","Sarah",""
"2026-01-12","expense","Utilities","423.87","Electricity bill for Taman B","Manual","Ali",""
"2026-01-12","expense","Utilities","50.57","Water bill for Taman B","Manual","Ali",""
"2026-01-15","expense","Utilities","437.23","Electricity bill for Taman C","Manual","Tan",""
"2026-01-15","expense","Utilities","95.41","Water bill for Taman C","Manual","Tan",""
"2026-01-18","expense","Utilities","498.03","Electricity bill for Taman D","Manual","Lim",""
"2026-01-18","expense","Utilities","94.53","Water bill for Taman D","Manual","Lim",""
"2026-01-21","expense","Utilities","390.73","Electricity bill for Taman E","Manual","Ahmad",""
"2026-01-21","expense","Utilities","81.44","Water bill for Taman E","Manual","Ahmad",""
"2026-01-05","expense","Inventory","22194.62","Bulk tea leaves, cups and packaging materials from supplier","Manual","Sarah",""
"2026-01-20","expense","Inventory","19634.68","Milk, syrup and fresh pastry supplies from vendor","Manual","Ahmad",""
"2026-01-10","expense","Marketing","5021.43","Social media ads and local influencer campaigns payout","Manual","Tan",""
"2026-01-28","expense","Salaries","70593.78","Monthly staff salaries and EPF contributions compiled","Manual","Lim",""
"2026-01-28","expense","Claims","152.93","Petrol and travel claim [PIC: Ali]","Manual","Ali",""
"2026-01-01","income","Sales","1089.67","Daily cash sales compiled for all outlets","POS-Cash","Sarah",""
"2026-01-01","income","Sales","1371.10","Daily card sales compiled for all outlets","POS-Card","Ali",""
"2026-01-01","income","Sales","1811.09","Daily QR / DuitNow sales compiled for all outlets","POS-QR","Tan",""
"2026-01-02","income","Sales","1128.69","Daily cash sales compiled for all outlets","POS-Cash","Ali",""
"2026-01-02","income","Sales","1689.71","Daily card sales compiled for all outlets","POS-Card","Tan",""
"2026-01-02","income","Sales","2075.38","Daily QR / DuitNow sales compiled for all outlets","POS-QR","Lim",""
"2026-01-03","income","Sales","1053.22","Daily cash sales compiled for all outlets","POS-Cash","Tan",""
"2026-01-03","income","Sales","1747.19","Daily card sales compiled for all outlets","POS-Card","Lim",""
"2026-01-03","income","Sales","2020.17","Daily QR / DuitNow sales compiled for all outlets","POS-QR","Ahmad",""
"2026-01-04","income","Sales","912.14","Daily cash sales compiled for all outlets","POS-Cash","Lim",""
"2026-01-04","income","Sales","1597.26","Daily card sales compiled for all outlets","POS-Card","Ahmad",""
"2026-01-04","income","Sales","1973.84","Daily QR / DuitNow sales compiled for all outlets","POS-QR","Jack",""
"2026-01-05","income","Sales","1090.52","Daily cash sales compiled for all outlets","POS-Cash","Ahmad",""
"2026-01-05","income","Sales","1706.93","Daily card sales compiled for all outlets","POS-Card","Jack",""
"2026-01-05","income","Sales","2022.28","Daily QR / DuitNow sales compiled for all outlets","POS-QR","Sarah",""
"2026-01-06","income","Sales","1087.19","Daily cash sales compiled for all outlets","POS-Cash","Jack",""
"2026-01-06","income","Sales","1537.12","Daily card sales compiled for all outlets","POS-Card","Sarah",""
"2026-01-06","income","Sales","2207.07","Daily QR / DuitNow sales compiled for all outlets","POS-QR","Ali",""
"2026-01-07","income","Sales","1099.57","Daily cash sales compiled for all outlets","POS-Cash","Sarah",""
"2026-01-07","income","Sales","1309.62","Daily card sales compiled for all outlets","POS-Card","Ali",""
"2026-01-07","income","Sales","1959.56","Daily QR / DuitNow sales compiled for all outlets","POS-QR","Tan",""
"2026-01-08","income","Sales","1035.05","Daily cash sales compiled for all outlets","POS-Cash","Ali",""
"2026-01-08","income","Sales","1676.69","Daily card sales compiled for all outlets","POS-Card","Tan",""
"2026-01-08","income","Sales","1853.88","Daily QR / DuitNow sales compiled for all outlets","POS-QR","Lim",""
"2026-01-09","income","Sales","824.97","Daily cash sales compiled for all outlets","POS-Cash","Tan",""
"2026-01-09","income","Sales","1696.42","Daily card sales compiled for all outlets","POS-Card","Lim",""
"2026-01-09","income","Sales","2076.54","Daily QR / DuitNow sales compiled for all outlets","POS-QR","Ahmad",""
"2026-01-10","income","Sales","1193.85","Daily cash sales compiled for all outlets","POS-Cash","Lim",""
"2026-01-10","income","Sales","1539.74","Daily card sales compiled for all outlets","POS-Card","Ahmad",""
"2026-01-10","income","Sales","1528.71","Daily QR / DuitNow sales compiled for all outlets","POS-QR","Jack",""
"2026-01-11","income","Sales","1192.00","Daily cash sales compiled for all outlets","POS-Cash","Ahmad",""
"2026-01-11","income","Sales","1541.41","Daily card sales compiled for all outlets","POS-Card","Jack",""
"2026-01-11","income","Sales","2273.04","Daily QR / DuitNow sales compiled for all outlets","POS-QR","Sarah",""
"2026-01-12","income","Sales","991.40","Daily cash sales compiled for all outlets","POS-Cash","Jack",""
"2026-01-12","income","Sales","1756.05","Daily card sales compiled for all outlets","POS-Card","Sarah",""
"2026-01-12","income","Sales","1939.74","Daily QR / DuitNow sales compiled for all outlets","POS-QR","Ali",""
"2026-01-13","income","Sales","886.65","Daily cash sales compiled for all outlets","POS-Cash","Sarah",""
"2026-01-13","income","Sales","1631.48","Daily card sales compiled for all outlets","POS-Card","Ali",""
"2026-01-13","income","Sales","2033.22","Daily QR / DuitNow sales compiled for all outlets","POS-QR","Tan",""
"2026-01-14","income","Sales","997.91","Daily cash sales compiled for all outlets","POS-Cash","Ali",""
"2026-01-14","income","Sales","1313.72","Daily card sales compiled for all outlets","POS-Card","Tan",""
"2026-01-14","income","Sales","2143.42","Daily QR / DuitNow sales compiled for all outlets","POS-QR","Lim",""
"2026-01-15","income","Sales","966.40","Daily cash sales compiled for all outlets","POS-Cash","Tan",""
"2026-01-15","income","Sales","1717.64","Daily card sales compiled for all outlets","POS-Card","Lim",""
"2026-01-15","income","Sales","2042.73","Daily QR / DuitNow sales compiled for all outlets","POS-QR","Ahmad",""
"2026-01-16","income","Sales","1163.59","Daily cash sales compiled for all outlets","POS-Cash","Lim",""
"2026-01-16","income","Sales","1241.64","Daily card sales compiled for all outlets","POS-Card","Ahmad",""
"2026-01-16","income","Sales","1514.42","Daily QR / DuitNow sales compiled for all outlets","POS-QR","Jack",""
"2026-01-17","income","Sales","900.95","Daily cash sales compiled for all outlets","POS-Cash","Ahmad",""
"2026-01-17","income","Sales","1424.24","Daily card sales compiled for all outlets","POS-Card","Jack",""
"2026-01-17","income","Sales","2131.14","Daily QR / DuitNow sales compiled for all outlets","POS-QR","Sarah",""
"2026-01-18","income","Sales","1033.73","Daily cash sales compiled for all outlets","POS-Cash","Jack",""
"2026-01-18","income","Sales","1468.15","Daily card sales compiled for all outlets","POS-Card","Sarah",""
"2026-01-18","income","Sales","1703.95","Daily QR / DuitNow sales compiled for all outlets","POS-QR","Ali",""
"2026-01-19","income","Sales","1193.09","Daily cash sales compiled for all outlets","POS-Cash","Sarah",""
"2026-01-19","income","Sales","1607.38","Daily card sales compiled for all outlets","POS-Card","Ali",""
"2026-01-19","income","Sales","1740.89","Daily QR / DuitNow sales compiled for all outlets","POS-QR","Tan",""
"2026-01-20","income","Sales","919.22","Daily cash sales compiled for all outlets","POS-Cash","Ali",""
"2026-01-20","income","Sales","1769.88","Daily card sales compiled for all outlets","POS-Card","Tan",""
"2026-01-20","income","Sales","1683.73","Daily QR / DuitNow sales compiled for all outlets","POS-QR","Lim",""
"2026-01-21","income","Sales","1041.26","Daily cash sales compiled for all outlets","POS-Cash","Tan",""
"2026-01-21","income","Sales","1779.64","Daily card sales compiled for all outlets","POS-Card","Lim",""
"2026-01-21","income","Sales","1510.18","Daily QR / DuitNow sales compiled for all outlets","POS-QR","Ahmad",""
"2026-01-22","income","Sales","1069.49","Daily cash sales compiled for all outlets","POS-Cash","Lim",""
"2026-01-22","income","Sales","1464.58","Daily card sales compiled for all outlets","POS-Card","Ahmad",""
"2026-01-22","income","Sales","2299.93","Daily QR / DuitNow sales compiled for all outlets","POS-QR","Jack",""
"2026-01-23","income","Sales","1027.84","Daily cash sales compiled for all outlets","POS-Cash","Ahmad",""
"2026-01-23","income","Sales","1442.19","Daily card sales compiled for all outlets","POS-Card","Jack",""
"2026-01-23","income","Sales","2022.56","Daily QR / DuitNow sales compiled for all outlets","POS-QR","Sarah",""
"2026-01-24","income","Sales","1042.68","Daily cash sales compiled for all outlets","POS-Cash","Jack",""
"2026-01-24","income","Sales","1241.83","Daily card sales compiled for all outlets","POS-Card","Sarah",""
"2026-01-24","income","Sales","1500.84","Daily QR / DuitNow sales compiled for all outlets","POS-QR","Ali",""
"2026-01-25","income","Sales","962.72","Daily cash sales compiled for all outlets","POS-Cash","Sarah",""
"2026-01-25","income","Sales","1241.20","Daily card sales compiled for all outlets","POS-Card","Ali",""
"2026-01-25","income","Sales","1658.42","Daily QR / DuitNow sales compiled for all outlets","POS-QR","Tan",""
"2026-01-26","income","Sales","982.89","Daily cash sales compiled for all outlets","POS-Cash","Ali",""
"2026-01-26","income","Sales","1329.15","Daily card sales compiled for all outlets","POS-Card","Tan",""
"2026-01-26","income","Sales","1664.56","Daily QR / DuitNow sales compiled for all outlets","POS-QR","Lim",""
"2026-01-27","income","Sales","959.44","Daily cash sales compiled for all outlets","POS-Cash","Tan",""
"2026-01-27","income","Sales","1582.00","Daily card sales compiled for all outlets","POS-Card","Lim",""
"2026-01-27","income","Sales","1715.65","Daily QR / DuitNow sales compiled for all outlets","POS-QR","Ahmad",""
"2026-01-28","income","Sales","849.02","Daily cash sales compiled for all outlets","POS-Cash","Lim",""
"2026-01-28","income","Sales","1510.78","Daily card sales compiled for all outlets","POS-Card","Ahmad",""
"2026-01-28","income","Sales","2172.22","Daily QR / DuitNow sales compiled for all outlets","POS-QR","Jack",""
"2026-01-29","income","Sales","916.32","Daily cash sales compiled for all outlets","POS-Cash","Ahmad",""
"2026-01-29","income","Sales","1219.76","Daily card sales compiled for all outlets","POS-Card","Jack",""
"2026-01-29","income","Sales","1555.75","Daily QR / DuitNow sales compiled for all outlets","POS-QR","Sarah",""
"2026-01-30","income","Sales","1137.79","Daily cash sales compiled for all outlets","POS-Cash","Jack",""
"2026-01-30","income","Sales","1435.20","Daily card sales compiled for all outlets","POS-Card","Sarah",""
"2026-01-30","income","Sales","1786.47","Daily QR / DuitNow sales compiled for all outlets","POS-QR","Ali",""
"2026-01-31","income","Sales","1120.61","Daily cash sales compiled for all outlets","POS-Cash","Sarah",""
"2026-01-31","income","Sales","1684.19","Daily card sales compiled for all outlets","POS-Card","Ali",""
"2026-01-31","income","Sales","1840.61","Daily QR / DuitNow sales compiled for all outlets","POS-QR","Tan",""
"2026-02-01","expense","Rent","4500.00","Monthly rental for outlet Taman A","Manual","Jack",""
"2026-02-01","expense","Rent","4500.00","Monthly rental for outlet Taman B","Manual","Sarah",""
"2026-02-01","expense","Rent","4500.00","Monthly rental for outlet Taman C","Manual","Ali",""
"2026-02-01","expense","Rent","4500.00","Monthly rental for outlet Taman D","Manual","Tan",""
"2026-02-01","expense","Rent","4500.00","Monthly rental for outlet Taman E","Manual","Lim",""
"2026-02-10","expense","Utilities","342.72","Electricity bill for Taman A","Manual","Sarah",""
"2026-02-10","expense","Utilities","57.61","Water bill for Taman A","Manual","Sarah",""
"2026-02-12","expense","Utilities","337.42","Electricity bill for Taman B","Manual","Ali",""
"2026-02-12","expense","Utilities","80.28","Water bill for Taman B","Manual","Ali",""
"2026-02-15","expense","Utilities","308.23","Electricity bill for Taman C","Manual","Tan",""
"2026-02-15","expense","Utilities","80.83","Water bill for Taman C","Manual","Tan",""
"2026-02-18","expense","Utilities","378.25","Electricity bill for Taman D","Manual","Lim",""
"2026-02-18","expense","Utilities","92.94","Water bill for Taman D","Manual","Lim",""
"2026-02-21","expense","Utilities","477.58","Electricity bill for Taman E","Manual","Ahmad",""
"2026-02-21","expense","Utilities","87.51","Water bill for Taman E","Manual","Ahmad",""
"2026-02-05","expense","Inventory","23509.23","Bulk tea leaves, cups and packaging materials from supplier","Manual","Sarah",""
"2026-02-20","expense","Inventory","20227.78","Milk, syrup and fresh pastry supplies from vendor","Manual","Ahmad",""
"2026-02-10","expense","Marketing","6403.78","Social media ads and local influencer campaigns payout","Manual","Tan",""
"2026-02-28","expense","Salaries","70040.38","Monthly staff salaries and EPF contributions compiled","Manual","Lim",""
"2026-02-28","expense","Claims","221.13","Petrol and travel claim [PIC: Ali]","Manual","Ali",""
"2026-02-01","income","Sales","1056.92","Daily cash sales compiled for all outlets","POS-Cash","Sarah",""
"2026-02-01","income","Sales","1723.57","Daily card sales compiled for all outlets","POS-Card","Ali",""
"2026-02-01","income","Sales","2169.88","Daily QR / DuitNow sales compiled for all outlets","POS-QR","Tan",""
"2026-02-02","income","Sales","1017.51","Daily cash sales compiled for all outlets","POS-Cash","Ali",""
"2026-02-02","income","Sales","1784.71","Daily card sales compiled for all outlets","POS-Card","Tan",""
"2026-02-02","income","Sales","1575.32","Daily QR / DuitNow sales compiled for all outlets","POS-QR","Lim",""
"2026-02-03","income","Sales","1034.82","Daily cash sales compiled for all outlets","POS-Cash","Tan",""
"2026-02-03","income","Sales","1388.26","Daily card sales compiled for all outlets","POS-Card","Lim",""
"2026-02-03","income","Sales","1955.74","Daily QR / DuitNow sales compiled for all outlets","POS-QR","Ahmad",""
"2026-02-04","income","Sales","852.79","Daily cash sales compiled for all outlets","POS-Cash","Lim",""
"2026-02-04","income","Sales","1450.56","Daily card sales compiled for all outlets","POS-Card","Ahmad",""
"2026-02-04","income","Sales","2078.45","Daily QR / DuitNow sales compiled for all outlets","POS-QR","Jack",""
"2026-02-05","income","Sales","1199.01","Daily cash sales compiled for all outlets","POS-Cash","Ahmad",""
"2026-02-05","income","Sales","1257.42","Daily card sales compiled for all outlets","POS-Card","Jack",""
"2026-02-05","income","Sales","1761.91","Daily QR / DuitNow sales compiled for all outlets","POS-QR","Sarah",""
"2026-02-06","income","Sales","1144.57","Daily cash sales compiled for all outlets","POS-Cash","Jack",""
"2026-02-06","income","Sales","1761.24","Daily card sales compiled for all outlets","POS-Card","Sarah",""
"2026-02-06","income","Sales","2228.70","Daily QR / DuitNow sales compiled for all outlets","POS-QR","Ali",""
"2026-02-07","income","Sales","909.32","Daily cash sales compiled for all outlets","POS-Cash","Sarah",""
"2026-02-07","income","Sales","1447.37","Daily card sales compiled for all outlets","POS-Card","Ali",""
"2026-02-07","income","Sales","1716.05","Daily QR / DuitNow sales compiled for all outlets","POS-QR","Tan",""
"2026-02-08","income","Sales","908.24","Daily cash sales compiled for all outlets","POS-Cash","Ali",""
"2026-02-08","income","Sales","1226.11","Daily card sales compiled for all outlets","POS-Card","Tan",""
"2026-02-08","income","Sales","1790.73","Daily QR / DuitNow sales compiled for all outlets","POS-QR","Lim",""
"2026-02-09","income","Sales","978.79","Daily cash sales compiled for all outlets","POS-Cash","Tan",""
"2026-02-09","income","Sales","1312.98","Daily card sales compiled for all outlets","POS-Card","Lim",""
"2026-02-09","income","Sales","2079.73","Daily QR / DuitNow sales compiled for all outlets","POS-QR","Ahmad",""
"2026-02-10","income","Sales","984.89","Daily cash sales compiled for all outlets","POS-Cash","Lim",""
"2026-02-10","income","Sales","1432.94","Daily card sales compiled for all outlets","POS-Card","Ahmad",""
"2026-02-10","income","Sales","1920.62","Daily QR / DuitNow sales compiled for all outlets","POS-QR","Jack",""
"2026-02-11","income","Sales","951.86","Daily cash sales compiled for all outlets","POS-Cash","Ahmad",""
"2026-02-11","income","Sales","1734.14","Daily card sales compiled for all outlets","POS-Card","Jack",""
"2026-02-11","income","Sales","1632.99","Daily QR / DuitNow sales compiled for all outlets","POS-QR","Sarah",""
"2026-02-12","income","Sales","973.85","Daily cash sales compiled for all outlets","POS-Cash","Jack",""
"2026-02-12","income","Sales","1532.27","Daily card sales compiled for all outlets","POS-Card","Sarah",""
"2026-02-12","income","Sales","1696.84","Daily QR / DuitNow sales compiled for all outlets","POS-QR","Ali",""
"2026-02-13","income","Sales","1197.19","Daily cash sales compiled for all outlets","POS-Cash","Sarah",""
"2026-02-13","income","Sales","1223.25","Daily card sales compiled for all outlets","POS-Card","Ali",""
"2026-02-13","income","Sales","1669.02","Daily QR / DuitNow sales compiled for all outlets","POS-QR","Tan",""
"2026-02-14","income","Sales","905.34","Daily cash sales compiled for all outlets","POS-Cash","Ali",""
"2026-02-14","income","Sales","1362.24","Daily card sales compiled for all outlets","POS-Card","Tan",""
"2026-02-14","income","Sales","1786.25","Daily QR / DuitNow sales compiled for all outlets","POS-QR","Lim",""
"2026-02-15","income","Sales","1164.45","Daily cash sales compiled for all outlets","POS-Cash","Tan",""
"2026-02-15","income","Sales","1697.36","Daily card sales compiled for all outlets","POS-Card","Lim",""
"2026-02-15","income","Sales","1503.24","Daily QR / DuitNow sales compiled for all outlets","POS-QR","Ahmad",""
"2026-02-16","income","Sales","1185.46","Daily cash sales compiled for all outlets","POS-Cash","Lim",""
"2026-02-16","income","Sales","1232.33","Daily card sales compiled for all outlets","POS-Card","Ahmad",""
"2026-02-16","income","Sales","1899.65","Daily QR / DuitNow sales compiled for all outlets","POS-QR","Jack",""
"2026-02-17","income","Sales","1170.23","Daily cash sales compiled for all outlets","POS-Cash","Ahmad",""
"2026-02-17","income","Sales","1226.90","Daily card sales compiled for all outlets","POS-Card","Jack",""
"2026-02-17","income","Sales","1966.61","Daily QR / DuitNow sales compiled for all outlets","POS-QR","Sarah",""
"2026-02-18","income","Sales","1050.41","Daily cash sales compiled for all outlets","POS-Cash","Jack",""
"2026-02-18","income","Sales","1345.90","Daily card sales compiled for all outlets","POS-Card","Sarah",""
"2026-02-18","income","Sales","1802.03","Daily QR / DuitNow sales compiled for all outlets","POS-QR","Ali",""
"2026-02-19","income","Sales","1102.72","Daily cash sales compiled for all outlets","POS-Cash","Sarah",""
"2026-02-19","income","Sales","1401.94","Daily card sales compiled for all outlets","POS-Card","Ali",""
"2026-02-19","income","Sales","1685.02","Daily QR / DuitNow sales compiled for all outlets","POS-QR","Tan",""
"2026-02-20","income","Sales","1123.67","Daily cash sales compiled for all outlets","POS-Cash","Ali",""
"2026-02-20","income","Sales","1346.24","Daily card sales compiled for all outlets","POS-Card","Tan",""
"2026-02-20","income","Sales","2039.43","Daily QR / DuitNow sales compiled for all outlets","POS-QR","Lim",""
"2026-02-21","income","Sales","937.24","Daily cash sales compiled for all outlets","POS-Cash","Tan",""
"2026-02-21","income","Sales","1770.29","Daily card sales compiled for all outlets","POS-Card","Lim",""
"2026-02-21","income","Sales","1708.26","Daily QR / DuitNow sales compiled for all outlets","POS-QR","Ahmad",""
"2026-02-22","income","Sales","1049.32","Daily cash sales compiled for all outlets","POS-Cash","Lim",""
"2026-02-22","income","Sales","1336.48","Daily card sales compiled for all outlets","POS-Card","Ahmad",""
"2026-02-22","income","Sales","1950.56","Daily QR / DuitNow sales compiled for all outlets","POS-QR","Jack",""
"2026-02-23","income","Sales","1154.36","Daily cash sales compiled for all outlets","POS-Cash","Ahmad",""
"2026-02-23","income","Sales","1665.56","Daily card sales compiled for all outlets","POS-Card","Jack",""
"2026-02-23","income","Sales","1909.36","Daily QR / DuitNow sales compiled for all outlets","POS-QR","Sarah",""
"2026-02-24","income","Sales","1025.25","Daily cash sales compiled for all outlets","POS-Cash","Jack",""
"2026-02-24","income","Sales","1250.10","Daily card sales compiled for all outlets","POS-Card","Sarah",""
"2026-02-24","income","Sales","1799.56","Daily QR / DuitNow sales compiled for all outlets","POS-QR","Ali",""
"2026-02-25","income","Sales","1108.10","Daily cash sales compiled for all outlets","POS-Cash","Sarah",""
"2026-02-25","income","Sales","1263.54","Daily card sales compiled for all outlets","POS-Card","Ali",""
"2026-02-25","income","Sales","2091.86","Daily QR / DuitNow sales compiled for all outlets","POS-QR","Tan",""
"2026-02-26","income","Sales","955.96","Daily cash sales compiled for all outlets","POS-Cash","Ali",""
"2026-02-26","income","Sales","1608.15","Daily card sales compiled for all outlets","POS-Card","Tan",""
"2026-02-26","income","Sales","2075.75","Daily QR / DuitNow sales compiled for all outlets","POS-QR","Lim",""
"2026-02-27","income","Sales","856.10","Daily cash sales compiled for all outlets","POS-Cash","Tan",""
"2026-02-27","income","Sales","1690.78","Daily card sales compiled for all outlets","POS-Card","Lim",""
"2026-02-27","income","Sales","1535.08","Daily QR / DuitNow sales compiled for all outlets","POS-QR","Ahmad",""
"2026-02-28","income","Sales","1102.49","Daily cash sales compiled for all outlets","POS-Cash","Lim",""
"2026-02-28","income","Sales","1569.00","Daily card sales compiled for all outlets","POS-Card","Ahmad",""
"2026-02-28","income","Sales","1817.01","Daily QR / DuitNow sales compiled for all outlets","POS-QR","Jack",""
"2026-03-01","expense","Rent","4500.00","Monthly rental for outlet Taman A","Manual","Jack",""
"2026-03-01","expense","Rent","4500.00","Monthly rental for outlet Taman B","Manual","Sarah",""
"2026-03-01","expense","Rent","4500.00","Monthly rental for outlet Taman C","Manual","Ali",""
"2026-03-01","expense","Rent","4500.00","Monthly rental for outlet Taman D","Manual","Tan",""
"2026-03-01","expense","Rent","4500.00","Monthly rental for outlet Taman E","Manual","Lim",""
"2026-03-10","expense","Utilities","484.15","Electricity bill for Taman A","Manual","Sarah",""
"2026-03-10","expense","Utilities","57.89","Water bill for Taman A","Manual","Sarah",""
"2026-03-12","expense","Utilities","422.53","Electricity bill for Taman B","Manual","Ali",""
"2026-03-12","expense","Utilities","50.22","Water bill for Taman B","Manual","Ali",""
"2026-03-15","expense","Utilities","444.97","Electricity bill for Taman C","Manual","Tan",""
"2026-03-15","expense","Utilities","87.58","Water bill for Taman C","Manual","Tan",""
"2026-03-18","expense","Utilities","433.46","Electricity bill for Taman D","Manual","Lim",""
"2026-03-18","expense","Utilities","88.77","Water bill for Taman D","Manual","Lim",""
"2026-03-21","expense","Utilities","393.20","Electricity bill for Taman E","Manual","Ahmad",""
"2026-03-21","expense","Utilities","67.01","Water bill for Taman E","Manual","Ahmad",""
"2026-03-10","expense","Utilities","350.00","Duplicate Electricity bill for Taman A","Manual","Sarah",""
"2026-03-11","expense","Utilities","350.00","Duplicate Electricity bill for Taman A","Manual","Sarah",""
"2026-03-05","expense","Inventory","22749.35","Bulk tea leaves, cups and packaging materials from supplier","Manual","Sarah",""
"2026-03-20","expense","Inventory","19486.30","Milk, syrup and fresh pastry supplies from vendor","Manual","Ahmad",""
"2026-03-10","expense","Marketing","5989.61","Social media ads and local influencer campaigns payout","Manual","Tan",""
"2026-03-28","expense","Salaries","73784.41","Monthly staff salaries and EPF contributions compiled","Manual","Lim",""
"2026-03-28","expense","Claims","216.62","Petrol and travel claim [PIC: Ali]","Manual","Ali",""
"2026-03-01","income","Sales","903.18","Daily cash sales compiled for all outlets","POS-Cash","Sarah",""
"2026-03-01","income","Sales","1620.90","Daily card sales compiled for all outlets","POS-Card","Ali",""
"2026-03-01","income","Sales","1786.65","Daily QR / DuitNow sales compiled for all outlets","POS-QR","Tan",""
"2026-03-02","income","Sales","965.93","Daily cash sales compiled for all outlets","POS-Cash","Ali",""
"2026-03-02","income","Sales","1259.18","Daily card sales compiled for all outlets","POS-Card","Tan",""
"2026-03-02","income","Sales","1624.56","Daily QR / DuitNow sales compiled for all outlets","POS-QR","Lim",""
"2026-03-03","income","Sales","1090.18","Daily cash sales compiled for all outlets","POS-Cash","Tan",""
"2026-03-03","income","Sales","1516.09","Daily card sales compiled for all outlets","POS-Card","Lim",""
"2026-03-03","income","Sales","2214.64","Daily QR / DuitNow sales compiled for all outlets","POS-QR","Ahmad",""
"2026-03-04","income","Sales","1158.13","Daily cash sales compiled for all outlets","POS-Cash","Lim",""
"2026-03-04","income","Sales","1300.66","Daily card sales compiled for all outlets","POS-Card","Ahmad",""
"2026-03-04","income","Sales","2286.65","Daily QR / DuitNow sales compiled for all outlets","POS-QR","Jack",""
"2026-03-05","income","Sales","1100.79","Daily cash sales compiled for all outlets","POS-Cash","Ahmad",""
"2026-03-05","income","Sales","1387.67","Daily card sales compiled for all outlets","POS-Card","Jack",""
"2026-03-05","income","Sales","1591.72","Daily QR / DuitNow sales compiled for all outlets","POS-QR","Sarah",""
"2026-03-06","income","Sales","907.31","Daily cash sales compiled for all outlets","POS-Cash","Jack",""
"2026-03-06","income","Sales","1685.52","Daily card sales compiled for all outlets","POS-Card","Sarah",""
"2026-03-06","income","Sales","2209.66","Daily QR / DuitNow sales compiled for all outlets","POS-QR","Ali",""
"2026-03-07","income","Sales","985.05","Daily cash sales compiled for all outlets","POS-Cash","Sarah",""
"2026-03-07","income","Sales","1366.10","Daily card sales compiled for all outlets","POS-Card","Ali",""
"2026-03-07","income","Sales","1562.89","Daily QR / DuitNow sales compiled for all outlets","POS-QR","Tan",""
"2026-03-08","income","Sales","1077.40","Daily cash sales compiled for all outlets","POS-Cash","Ali",""
"2026-03-08","income","Sales","1767.54","Daily card sales compiled for all outlets","POS-Card","Tan",""
"2026-03-08","income","Sales","2179.53","Daily QR / DuitNow sales compiled for all outlets","POS-QR","Lim",""
"2026-03-09","income","Sales","954.62","Daily cash sales compiled for all outlets","POS-Cash","Tan",""
"2026-03-09","income","Sales","1679.64","Daily card sales compiled for all outlets","POS-Card","Lim",""
"2026-03-09","income","Sales","1846.22","Daily QR / DuitNow sales compiled for all outlets","POS-QR","Ahmad",""
"2026-03-10","income","Sales","965.35","Daily cash sales compiled for all outlets","POS-Cash","Lim",""
"2026-03-10","income","Sales","1285.07","Daily card sales compiled for all outlets","POS-Card","Ahmad",""
"2026-03-10","income","Sales","1932.84","Daily QR / DuitNow sales compiled for all outlets","POS-QR","Jack",""
"2026-03-11","income","Sales","956.71","Daily cash sales compiled for all outlets","POS-Cash","Ahmad",""
"2026-03-11","income","Sales","1436.15","Daily card sales compiled for all outlets","POS-Card","Jack",""
"2026-03-11","income","Sales","1534.85","Daily QR / DuitNow sales compiled for all outlets","POS-QR","Sarah",""
"2026-03-12","income","Sales","832.25","Daily cash sales compiled for all outlets","POS-Cash","Jack",""
"2026-03-12","income","Sales","1346.53","Daily card sales compiled for all outlets","POS-Card","Sarah",""
"2026-03-12","income","Sales","2273.73","Daily QR / DuitNow sales compiled for all outlets","POS-QR","Ali",""
"2026-03-13","income","Sales","1004.91","Daily cash sales compiled for all outlets","POS-Cash","Sarah",""
"2026-03-13","income","Sales","1747.17","Daily card sales compiled for all outlets","POS-Card","Ali",""
"2026-03-13","income","Sales","1829.31","Daily QR / DuitNow sales compiled for all outlets","POS-QR","Tan",""
"2026-03-14","income","Sales","1025.56","Daily cash sales compiled for all outlets","POS-Cash","Ali",""
"2026-03-14","income","Sales","1504.14","Daily card sales compiled for all outlets","POS-Card","Tan",""
"2026-03-14","income","Sales","1928.17","Daily QR / DuitNow sales compiled for all outlets","POS-QR","Lim",""
"2026-03-15","income","Sales","1136.41","Daily cash sales compiled for all outlets","POS-Cash","Tan",""
"2026-03-15","income","Sales","1229.03","Daily card sales compiled for all outlets","POS-Card","Lim",""
"2026-03-15","income","Sales","2013.62","Daily QR / DuitNow sales compiled for all outlets","POS-QR","Ahmad",""
"2026-03-16","income","Sales","1133.24","Daily cash sales compiled for all outlets","POS-Cash","Lim",""
"2026-03-16","income","Sales","1736.90","Daily card sales compiled for all outlets","POS-Card","Ahmad",""
"2026-03-16","income","Sales","1930.10","Daily QR / DuitNow sales compiled for all outlets","POS-QR","Jack",""
"2026-03-17","income","Sales","1113.15","Daily cash sales compiled for all outlets","POS-Cash","Ahmad",""
"2026-03-17","income","Sales","1318.22","Daily card sales compiled for all outlets","POS-Card","Jack",""
"2026-03-17","income","Sales","1795.30","Daily QR / DuitNow sales compiled for all outlets","POS-QR","Sarah",""
"2026-03-18","income","Sales","1012.98","Daily cash sales compiled for all outlets","POS-Cash","Jack",""
"2026-03-18","income","Sales","1249.13","Daily card sales compiled for all outlets","POS-Card","Sarah",""
"2026-03-18","income","Sales","1664.11","Daily QR / DuitNow sales compiled for all outlets","POS-QR","Ali",""
"2026-03-19","income","Sales","1024.57","Daily cash sales compiled for all outlets","POS-Cash","Sarah",""
"2026-03-19","income","Sales","1334.52","Daily card sales compiled for all outlets","POS-Card","Ali",""
"2026-03-19","income","Sales","2073.00","Daily QR / DuitNow sales compiled for all outlets","POS-QR","Tan",""
"2026-03-20","income","Sales","973.90","Daily cash sales compiled for all outlets","POS-Cash","Ali",""
"2026-03-20","income","Sales","1367.22","Daily card sales compiled for all outlets","POS-Card","Tan",""
"2026-03-20","income","Sales","2244.44","Daily QR / DuitNow sales compiled for all outlets","POS-QR","Lim",""
"2026-03-21","income","Sales","1130.45","Daily cash sales compiled for all outlets","POS-Cash","Tan",""
"2026-03-21","income","Sales","1245.25","Daily card sales compiled for all outlets","POS-Card","Lim",""
"2026-03-21","income","Sales","2021.49","Daily QR / DuitNow sales compiled for all outlets","POS-QR","Ahmad",""
"2026-03-22","income","Sales","1061.29","Daily cash sales compiled for all outlets","POS-Cash","Lim",""
"2026-03-22","income","Sales","1645.25","Daily card sales compiled for all outlets","POS-Card","Ahmad",""
"2026-03-22","income","Sales","1718.23","Daily QR / DuitNow sales compiled for all outlets","POS-QR","Jack",""
"2026-03-23","income","Sales","860.65","Daily cash sales compiled for all outlets","POS-Cash","Ahmad",""
"2026-03-23","income","Sales","1638.42","Daily card sales compiled for all outlets","POS-Card","Jack",""
"2026-03-23","income","Sales","1705.87","Daily QR / DuitNow sales compiled for all outlets","POS-QR","Sarah",""
"2026-03-24","income","Sales","1157.60","Daily cash sales compiled for all outlets","POS-Cash","Jack",""
"2026-03-24","income","Sales","1517.84","Daily card sales compiled for all outlets","POS-Card","Sarah",""
"2026-03-24","income","Sales","2162.61","Daily QR / DuitNow sales compiled for all outlets","POS-QR","Ali",""
"2026-03-25","income","Sales","1048.87","Daily cash sales compiled for all outlets","POS-Cash","Sarah",""
"2026-03-25","income","Sales","1591.11","Daily card sales compiled for all outlets","POS-Card","Ali",""
"2026-03-25","income","Sales","1855.02","Daily QR / DuitNow sales compiled for all outlets","POS-QR","Tan",""
"2026-03-26","income","Sales","1166.13","Daily cash sales compiled for all outlets","POS-Cash","Ali",""
"2026-03-26","income","Sales","1472.58","Daily card sales compiled for all outlets","POS-Card","Tan",""
"2026-03-26","income","Sales","2034.45","Daily QR / DuitNow sales compiled for all outlets","POS-QR","Lim",""
"2026-03-27","income","Sales","826.71","Daily cash sales compiled for all outlets","POS-Cash","Tan",""
"2026-03-27","income","Sales","1455.90","Daily card sales compiled for all outlets","POS-Card","Lim",""
"2026-03-27","income","Sales","1903.76","Daily QR / DuitNow sales compiled for all outlets","POS-QR","Ahmad",""
"2026-03-28","income","Sales","1111.04","Daily cash sales compiled for all outlets","POS-Cash","Lim",""
"2026-03-28","income","Sales","1478.52","Daily card sales compiled for all outlets","POS-Card","Ahmad",""
"2026-03-28","income","Sales","1738.03","Daily QR / DuitNow sales compiled for all outlets","POS-QR","Jack",""
"2026-03-29","income","Sales","1190.58","Daily cash sales compiled for all outlets","POS-Cash","Ahmad",""
"2026-03-29","income","Sales","1593.52","Daily card sales compiled for all outlets","POS-Card","Jack",""
"2026-03-29","income","Sales","1538.98","Daily QR / DuitNow sales compiled for all outlets","POS-QR","Sarah",""
"2026-03-30","income","Sales","1079.35","Daily cash sales compiled for all outlets","POS-Cash","Jack",""
"2026-03-30","income","Sales","1387.46","Daily card sales compiled for all outlets","POS-Card","Sarah",""
"2026-03-30","income","Sales","1514.03","Daily QR / DuitNow sales compiled for all outlets","POS-QR","Ali",""
"2026-03-31","income","Sales","994.46","Daily cash sales compiled for all outlets","POS-Cash","Sarah",""
"2026-03-31","income","Sales","1729.16","Daily card sales compiled for all outlets","POS-Card","Ali",""
"2026-03-31","income","Sales","2173.34","Daily QR / DuitNow sales compiled for all outlets","POS-QR","Tan",""
"2026-04-01","expense","Rent","4500.00","Monthly rental for outlet Taman A","Manual","Jack",""
"2026-04-01","expense","Rent","4500.00","Monthly rental for outlet Taman B","Manual","Sarah",""
"2026-04-01","expense","Rent","4500.00","Monthly rental for outlet Taman C","Manual","Ali",""
"2026-04-01","expense","Rent","4500.00","Monthly rental for outlet Taman D","Manual","Tan",""
"2026-04-01","expense","Rent","4500.00","Monthly rental for outlet Taman E","Manual","Lim",""
"2026-04-10","expense","Utilities","494.15","Electricity bill for Taman A","Manual","Sarah",""
"2026-04-10","expense","Utilities","81.42","Water bill for Taman A","Manual","Sarah",""
"2026-04-12","expense","Utilities","408.50","Electricity bill for Taman B","Manual","Ali",""
"2026-04-12","expense","Utilities","95.97","Water bill for Taman B","Manual","Ali",""
"2026-04-15","expense","Utilities","433.02","Electricity bill for Taman C","Manual","Tan",""
"2026-04-15","expense","Utilities","75.21","Water bill for Taman C","Manual","Tan",""
"2026-04-18","expense","Utilities","399.84","Electricity bill for Taman D","Manual","Lim",""
"2026-04-18","expense","Utilities","59.15","Water bill for Taman D","Manual","Lim",""
"2026-04-21","expense","Utilities","379.17","Electricity bill for Taman E","Manual","Ahmad",""
"2026-04-21","expense","Utilities","72.39","Water bill for Taman E","Manual","Ahmad",""
"2026-04-05","expense","Inventory","24398.46","Bulk tea leaves, cups and packaging materials from supplier","Manual","Sarah",""
"2026-04-20","expense","Inventory","19145.46","Milk, syrup and fresh pastry supplies from vendor","Manual","Ahmad",""
"2026-04-10","expense","Marketing","5194.85","Social media ads and local influencer campaigns payout","Manual","Tan",""
"2026-04-28","expense","Salaries","72426.40","Monthly staff salaries and EPF contributions compiled","Manual","Lim",""
"2026-04-28","expense","Claims","173.71","Petrol and travel claim [PIC: Ali]","Manual","Ali",""
"2026-04-01","income","Sales","915.68","Daily cash sales compiled for all outlets","POS-Cash","Sarah",""
"2026-04-01","income","Sales","1549.25","Daily card sales compiled for all outlets","POS-Card","Ali",""
"2026-04-01","income","Sales","2127.55","Daily QR / DuitNow sales compiled for all outlets","POS-QR","Tan",""
"2026-04-02","income","Sales","1017.67","Daily cash sales compiled for all outlets","POS-Cash","Ali",""
"2026-04-02","income","Sales","1663.60","Daily card sales compiled for all outlets","POS-Card","Tan",""
"2026-04-02","income","Sales","1936.26","Daily QR / DuitNow sales compiled for all outlets","POS-QR","Lim",""
"2026-04-03","income","Sales","1049.96","Daily cash sales compiled for all outlets","POS-Cash","Tan",""
"2026-04-03","income","Sales","1381.44","Daily card sales compiled for all outlets","POS-Card","Lim",""
"2026-04-03","income","Sales","1565.27","Daily QR / DuitNow sales compiled for all outlets","POS-QR","Ahmad",""
"2026-04-04","income","Sales","923.79","Daily cash sales compiled for all outlets","POS-Cash","Lim",""
"2026-04-04","income","Sales","1449.04","Daily card sales compiled for all outlets","POS-Card","Ahmad",""
"2026-04-04","income","Sales","1950.45","Daily QR / DuitNow sales compiled for all outlets","POS-QR","Jack",""
"2026-04-05","income","Sales","1059.72","Daily cash sales compiled for all outlets","POS-Cash","Ahmad",""
"2026-04-05","income","Sales","1716.48","Daily card sales compiled for all outlets","POS-Card","Jack",""
"2026-04-05","income","Sales","2229.30","Daily QR / DuitNow sales compiled for all outlets","POS-QR","Sarah",""
"2026-04-06","income","Sales","1149.84","Daily cash sales compiled for all outlets","POS-Cash","Jack",""
"2026-04-06","income","Sales","1520.10","Daily card sales compiled for all outlets","POS-Card","Sarah",""
"2026-04-06","income","Sales","2030.59","Daily QR / DuitNow sales compiled for all outlets","POS-QR","Ali",""
"2026-04-07","income","Sales","1005.47","Daily cash sales compiled for all outlets","POS-Cash","Sarah",""
"2026-04-07","income","Sales","1697.95","Daily card sales compiled for all outlets","POS-Card","Ali",""
"2026-04-07","income","Sales","1854.88","Daily QR / DuitNow sales compiled for all outlets","POS-QR","Tan",""
"2026-04-08","income","Sales","817.78","Daily cash sales compiled for all outlets","POS-Cash","Ali",""
"2026-04-08","income","Sales","1645.02","Daily card sales compiled for all outlets","POS-Card","Tan",""
"2026-04-08","income","Sales","1906.00","Daily QR / DuitNow sales compiled for all outlets","POS-QR","Lim",""
"2026-04-09","income","Sales","1160.74","Daily cash sales compiled for all outlets","POS-Cash","Tan",""
"2026-04-09","income","Sales","1609.48","Daily card sales compiled for all outlets","POS-Card","Lim",""
"2026-04-09","income","Sales","1757.91","Daily QR / DuitNow sales compiled for all outlets","POS-QR","Ahmad",""
"2026-04-10","income","Sales","1077.07","Daily cash sales compiled for all outlets","POS-Cash","Lim",""
"2026-04-10","income","Sales","1359.26","Daily card sales compiled for all outlets","POS-Card","Ahmad",""
"2026-04-10","income","Sales","1691.50","Daily QR / DuitNow sales compiled for all outlets","POS-QR","Jack",""
"2026-04-11","income","Sales","807.13","Daily cash sales compiled for all outlets","POS-Cash","Ahmad",""
"2026-04-11","income","Sales","1669.36","Daily card sales compiled for all outlets","POS-Card","Jack",""
"2026-04-11","income","Sales","2169.15","Daily QR / DuitNow sales compiled for all outlets","POS-QR","Sarah",""
"2026-04-12","income","Sales","829.67","Daily cash sales compiled for all outlets","POS-Cash","Jack",""
"2026-04-12","income","Sales","1784.65","Daily card sales compiled for all outlets","POS-Card","Sarah",""
"2026-04-12","income","Sales","1735.13","Daily QR / DuitNow sales compiled for all outlets","POS-QR","Ali",""
"2026-04-13","income","Sales","814.31","Daily cash sales compiled for all outlets","POS-Cash","Sarah",""
"2026-04-13","income","Sales","1565.95","Daily card sales compiled for all outlets","POS-Card","Ali",""
"2026-04-13","income","Sales","1504.06","Daily QR / DuitNow sales compiled for all outlets","POS-QR","Tan",""
"2026-04-14","income","Sales","882.99","Daily cash sales compiled for all outlets","POS-Cash","Ali",""
"2026-04-14","income","Sales","1617.37","Daily card sales compiled for all outlets","POS-Card","Tan",""
"2026-04-14","income","Sales","1945.72","Daily QR / DuitNow sales compiled for all outlets","POS-QR","Lim",""
"2026-04-15","income","Sales","859.44","Daily cash sales compiled for all outlets","POS-Cash","Tan",""
"2026-04-15","income","Sales","1461.84","Daily card sales compiled for all outlets","POS-Card","Lim",""
"2026-04-15","income","Sales","1562.94","Daily QR / DuitNow sales compiled for all outlets","POS-QR","Ahmad",""
"2026-04-16","income","Sales","892.17","Daily cash sales compiled for all outlets","POS-Cash","Lim",""
"2026-04-16","income","Sales","1425.40","Daily card sales compiled for all outlets","POS-Card","Ahmad",""
"2026-04-16","income","Sales","1876.86","Daily QR / DuitNow sales compiled for all outlets","POS-QR","Jack",""
"2026-04-17","income","Sales","922.97","Daily cash sales compiled for all outlets","POS-Cash","Ahmad",""
"2026-04-17","income","Sales","1301.43","Daily card sales compiled for all outlets","POS-Card","Jack",""
"2026-04-17","income","Sales","2020.29","Daily QR / DuitNow sales compiled for all outlets","POS-QR","Sarah",""
"2026-04-18","income","Sales","1068.65","Daily cash sales compiled for all outlets","POS-Cash","Jack",""
"2026-04-18","income","Sales","1614.47","Daily card sales compiled for all outlets","POS-Card","Sarah",""
"2026-04-18","income","Sales","2241.66","Daily QR / DuitNow sales compiled for all outlets","POS-QR","Ali",""
"2026-04-19","income","Sales","1008.19","Daily cash sales compiled for all outlets","POS-Cash","Sarah",""
"2026-04-19","income","Sales","1781.72","Daily card sales compiled for all outlets","POS-Card","Ali",""
"2026-04-19","income","Sales","1539.85","Daily QR / DuitNow sales compiled for all outlets","POS-QR","Tan",""
"2026-04-20","income","Sales","1175.71","Daily cash sales compiled for all outlets","POS-Cash","Ali",""
"2026-04-20","income","Sales","1627.96","Daily card sales compiled for all outlets","POS-Card","Tan",""
"2026-04-20","income","Sales","1581.28","Daily QR / DuitNow sales compiled for all outlets","POS-QR","Lim",""
"2026-04-21","income","Sales","1112.86","Daily cash sales compiled for all outlets","POS-Cash","Tan",""
"2026-04-21","income","Sales","1278.02","Daily card sales compiled for all outlets","POS-Card","Lim",""
"2026-04-21","income","Sales","1918.11","Daily QR / DuitNow sales compiled for all outlets","POS-QR","Ahmad",""
"2026-04-22","income","Sales","947.27","Daily cash sales compiled for all outlets","POS-Cash","Lim",""
"2026-04-22","income","Sales","1478.32","Daily card sales compiled for all outlets","POS-Card","Ahmad",""
"2026-04-22","income","Sales","2278.06","Daily QR / DuitNow sales compiled for all outlets","POS-QR","Jack",""
"2026-04-23","income","Sales","801.88","Daily cash sales compiled for all outlets","POS-Cash","Ahmad",""
"2026-04-23","income","Sales","1523.07","Daily card sales compiled for all outlets","POS-Card","Jack",""
"2026-04-23","income","Sales","1615.83","Daily QR / DuitNow sales compiled for all outlets","POS-QR","Sarah",""
"2026-04-24","income","Sales","1145.75","Daily cash sales compiled for all outlets","POS-Cash","Jack",""
"2026-04-24","income","Sales","1388.09","Daily card sales compiled for all outlets","POS-Card","Sarah",""
"2026-04-24","income","Sales","2047.56","Daily QR / DuitNow sales compiled for all outlets","POS-QR","Ali",""
"2026-04-25","income","Sales","1000.02","Daily cash sales compiled for all outlets","POS-Cash","Sarah",""
"2026-04-25","income","Sales","1229.68","Daily card sales compiled for all outlets","POS-Card","Ali",""
"2026-04-25","income","Sales","1599.18","Daily QR / DuitNow sales compiled for all outlets","POS-QR","Tan",""
"2026-04-26","income","Sales","1081.81","Daily cash sales compiled for all outlets","POS-Cash","Ali",""
"2026-04-26","income","Sales","1222.86","Daily card sales compiled for all outlets","POS-Card","Tan",""
"2026-04-26","income","Sales","2275.32","Daily QR / DuitNow sales compiled for all outlets","POS-QR","Lim",""
"2026-04-27","income","Sales","915.75","Daily cash sales compiled for all outlets","POS-Cash","Tan",""
"2026-04-27","income","Sales","1558.89","Daily card sales compiled for all outlets","POS-Card","Lim",""
"2026-04-27","income","Sales","2292.33","Daily QR / DuitNow sales compiled for all outlets","POS-QR","Ahmad",""
"2026-04-28","income","Sales","985.29","Daily cash sales compiled for all outlets","POS-Cash","Lim",""
"2026-04-28","income","Sales","1300.28","Daily card sales compiled for all outlets","POS-Card","Ahmad",""
"2026-04-28","income","Sales","2280.00","Daily QR / DuitNow sales compiled for all outlets","POS-QR","Jack",""
"2026-04-29","income","Sales","1139.39","Daily cash sales compiled for all outlets","POS-Cash","Ahmad",""
"2026-04-29","income","Sales","1376.54","Daily card sales compiled for all outlets","POS-Card","Jack",""
"2026-04-29","income","Sales","1967.20","Daily QR / DuitNow sales compiled for all outlets","POS-QR","Sarah",""
"2026-04-30","income","Sales","1096.12","Daily cash sales compiled for all outlets","POS-Cash","Jack",""
"2026-04-30","income","Sales","1510.76","Daily card sales compiled for all outlets","POS-Card","Sarah",""
"2026-04-30","income","Sales","1574.81","Daily QR / DuitNow sales compiled for all outlets","POS-QR","Ali",""
"2026-05-01","expense","Rent","4500.00","Monthly rental for outlet Taman A","Manual","Jack",""
"2026-05-01","expense","Rent","4500.00","Monthly rental for outlet Taman B","Manual","Sarah",""
"2026-05-01","expense","Rent","4500.00","Monthly rental for outlet Taman C","Manual","Ali",""
"2026-05-01","expense","Rent","4500.00","Monthly rental for outlet Taman D","Manual","Tan",""
"2026-05-01","expense","Rent","4500.00","Monthly rental for outlet Taman E","Manual","Lim",""
"2026-05-10","expense","Utilities","465.17","Electricity bill for Taman A","Manual","Sarah",""
"2026-05-10","expense","Utilities","67.69","Water bill for Taman A","Manual","Sarah",""
"2026-05-12","expense","Utilities","452.74","Electricity bill for Taman B","Manual","Ali",""
"2026-05-12","expense","Utilities","83.69","Water bill for Taman B","Manual","Ali",""
"2026-05-15","expense","Utilities","416.76","Electricity bill for Taman C","Manual","Tan",""
"2026-05-15","expense","Utilities","78.93","Water bill for Taman C","Manual","Tan",""
"2026-05-18","expense","Utilities","404.96","Electricity bill for Taman D","Manual","Lim",""
"2026-05-18","expense","Utilities","80.32","Water bill for Taman D","Manual","Lim",""
"2026-05-21","expense","Utilities","358.45","Electricity bill for Taman E","Manual","Ahmad",""
"2026-05-21","expense","Utilities","96.59","Water bill for Taman E","Manual","Ahmad",""
"2026-05-05","expense","Inventory","23737.83","Bulk tea leaves, cups and packaging materials from supplier","Manual","Sarah",""
"2026-05-20","expense","Inventory","20870.32","Milk, syrup and fresh pastry supplies from vendor","Manual","Ahmad",""
"2026-05-10","expense","Marketing","6489.59","Social media ads and local influencer campaigns payout","Manual","Tan",""
"2026-05-28","expense","Salaries","72801.98","Monthly staff salaries and EPF contributions compiled","Manual","Lim",""
"2026-05-28","expense","Claims","244.28","Petrol and travel claim [PIC: Ali]","Manual","Ali",""
"2026-05-01","income","Sales","894.72","Daily cash sales compiled for all outlets","POS-Cash","Sarah",""
"2026-05-01","income","Sales","1443.57","Daily card sales compiled for all outlets","POS-Card","Ali",""
"2026-05-01","income","Sales","2263.78","Daily QR / DuitNow sales compiled for all outlets","POS-QR","Tan",""
"2026-05-02","income","Sales","1085.90","Daily cash sales compiled for all outlets","POS-Cash","Ali",""
"2026-05-02","income","Sales","1279.92","Daily card sales compiled for all outlets","POS-Card","Tan",""
"2026-05-02","income","Sales","1640.28","Daily QR / DuitNow sales compiled for all outlets","POS-QR","Lim",""
"2026-05-03","income","Sales","917.93","Daily cash sales compiled for all outlets","POS-Cash","Tan",""
"2026-05-03","income","Sales","1350.07","Daily card sales compiled for all outlets","POS-Card","Lim",""
"2026-05-03","income","Sales","2141.78","Daily QR / DuitNow sales compiled for all outlets","POS-QR","Ahmad",""
"2026-05-04","income","Sales","970.06","Daily cash sales compiled for all outlets","POS-Cash","Lim",""
"2026-05-04","income","Sales","1597.04","Daily card sales compiled for all outlets","POS-Card","Ahmad",""
"2026-05-04","income","Sales","2088.10","Daily QR / DuitNow sales compiled for all outlets","POS-QR","Jack",""
"2026-05-05","income","Sales","1199.95","Daily cash sales compiled for all outlets","POS-Cash","Ahmad",""
"2026-05-05","income","Sales","1797.27","Daily card sales compiled for all outlets","POS-Card","Jack",""
"2026-05-05","income","Sales","1746.19","Daily QR / DuitNow sales compiled for all outlets","POS-QR","Sarah",""
"2026-05-06","income","Sales","1044.32","Daily cash sales compiled for all outlets","POS-Cash","Jack",""
"2026-05-06","income","Sales","1404.67","Daily card sales compiled for all outlets","POS-Card","Sarah",""
"2026-05-06","income","Sales","2080.08","Daily QR / DuitNow sales compiled for all outlets","POS-QR","Ali",""
"2026-05-07","income","Sales","843.91","Daily cash sales compiled for all outlets","POS-Cash","Sarah",""
"2026-05-07","income","Sales","1536.80","Daily card sales compiled for all outlets","POS-Card","Ali",""
"2026-05-07","income","Sales","1972.38","Daily QR / DuitNow sales compiled for all outlets","POS-QR","Tan",""
"2026-05-08","income","Sales","1108.75","Daily cash sales compiled for all outlets","POS-Cash","Ali",""
"2026-05-08","income","Sales","1450.72","Daily card sales compiled for all outlets","POS-Card","Tan",""
"2026-05-08","income","Sales","2199.89","Daily QR / DuitNow sales compiled for all outlets","POS-QR","Lim",""
"2026-05-09","income","Sales","857.27","Daily cash sales compiled for all outlets","POS-Cash","Tan",""
"2026-05-09","income","Sales","1405.47","Daily card sales compiled for all outlets","POS-Card","Lim",""
"2026-05-09","income","Sales","2022.00","Daily QR / DuitNow sales compiled for all outlets","POS-QR","Ahmad",""
"2026-05-10","income","Sales","845.38","Daily cash sales compiled for all outlets","POS-Cash","Lim",""
"2026-05-10","income","Sales","1340.86","Daily card sales compiled for all outlets","POS-Card","Ahmad",""
"2026-05-10","income","Sales","1650.54","Daily QR / DuitNow sales compiled for all outlets","POS-QR","Jack",""
"2026-05-11","income","Sales","865.80","Daily cash sales compiled for all outlets","POS-Cash","Ahmad",""
"2026-05-11","income","Sales","1391.81","Daily card sales compiled for all outlets","POS-Card","Jack",""
"2026-05-11","income","Sales","2292.05","Daily QR / DuitNow sales compiled for all outlets","POS-QR","Sarah",""
"2026-05-12","income","Sales","869.88","Daily cash sales compiled for all outlets","POS-Cash","Jack",""
"2026-05-12","income","Sales","1753.49","Daily card sales compiled for all outlets","POS-Card","Sarah",""
"2026-05-12","income","Sales","2108.27","Daily QR / DuitNow sales compiled for all outlets","POS-QR","Ali",""
"2026-05-13","income","Sales","1031.13","Daily cash sales compiled for all outlets","POS-Cash","Sarah",""
"2026-05-13","income","Sales","1590.02","Daily card sales compiled for all outlets","POS-Card","Ali",""
"2026-05-13","income","Sales","1666.86","Daily QR / DuitNow sales compiled for all outlets","POS-QR","Tan",""
"2026-05-14","income","Sales","887.54","Daily cash sales compiled for all outlets","POS-Cash","Ali",""
"2026-05-14","income","Sales","1293.56","Daily card sales compiled for all outlets","POS-Card","Tan",""
"2026-05-14","income","Sales","1947.49","Daily QR / DuitNow sales compiled for all outlets","POS-QR","Lim",""
"2026-05-15","income","Sales","1163.70","Daily cash sales compiled for all outlets","POS-Cash","Tan",""
"2026-05-15","income","Sales","1274.55","Daily card sales compiled for all outlets","POS-Card","Lim",""
"2026-05-15","income","Sales","2010.29","Daily QR / DuitNow sales compiled for all outlets","POS-QR","Ahmad",""
"2026-05-16","income","Sales","880.56","Daily cash sales compiled for all outlets","POS-Cash","Lim",""
"2026-05-16","income","Sales","1475.19","Daily card sales compiled for all outlets","POS-Card","Ahmad",""
"2026-05-16","income","Sales","2234.96","Daily QR / DuitNow sales compiled for all outlets","POS-QR","Jack",""
"2026-05-17","income","Sales","841.79","Daily cash sales compiled for all outlets","POS-Cash","Ahmad",""
"2026-05-17","income","Sales","1232.97","Daily card sales compiled for all outlets","POS-Card","Jack",""
"2026-05-17","income","Sales","2156.26","Daily QR / DuitNow sales compiled for all outlets","POS-QR","Sarah",""
"2026-05-18","income","Sales","876.06","Daily cash sales compiled for all outlets","POS-Cash","Jack",""
"2026-05-18","income","Sales","1653.55","Daily card sales compiled for all outlets","POS-Card","Sarah",""
"2026-05-18","income","Sales","2210.52","Daily QR / DuitNow sales compiled for all outlets","POS-QR","Ali",""
"2026-05-19","income","Sales","1091.84","Daily cash sales compiled for all outlets","POS-Cash","Sarah",""
"2026-05-19","income","Sales","1552.71","Daily card sales compiled for all outlets","POS-Card","Ali",""
"2026-05-19","income","Sales","2131.42","Daily QR / DuitNow sales compiled for all outlets","POS-QR","Tan",""
"2026-05-20","income","Sales","862.46","Daily cash sales compiled for all outlets","POS-Cash","Ali",""
"2026-05-20","income","Sales","1335.52","Daily card sales compiled for all outlets","POS-Card","Tan",""
"2026-05-20","income","Sales","2165.05","Daily QR / DuitNow sales compiled for all outlets","POS-QR","Lim",""
"2026-05-21","income","Sales","1129.50","Daily cash sales compiled for all outlets","POS-Cash","Tan",""
"2026-05-21","income","Sales","1788.63","Daily card sales compiled for all outlets","POS-Card","Lim",""
"2026-05-21","income","Sales","1530.49","Daily QR / DuitNow sales compiled for all outlets","POS-QR","Ahmad",""
"2026-05-22","income","Sales","1066.47","Daily cash sales compiled for all outlets","POS-Cash","Lim",""
"2026-05-22","income","Sales","1351.72","Daily card sales compiled for all outlets","POS-Card","Ahmad",""
"2026-05-22","income","Sales","1871.21","Daily QR / DuitNow sales compiled for all outlets","POS-QR","Jack",""
"2026-05-23","income","Sales","1103.06","Daily cash sales compiled for all outlets","POS-Cash","Ahmad",""
"2026-05-23","income","Sales","1707.14","Daily card sales compiled for all outlets","POS-Card","Jack",""
"2026-05-23","income","Sales","1646.74","Daily QR / DuitNow sales compiled for all outlets","POS-QR","Sarah",""
"2026-05-24","income","Sales","829.26","Daily cash sales compiled for all outlets","POS-Cash","Jack",""
"2026-05-24","income","Sales","1663.72","Daily card sales compiled for all outlets","POS-Card","Sarah",""
"2026-05-24","income","Sales","1743.75","Daily QR / DuitNow sales compiled for all outlets","POS-QR","Ali",""
"2026-05-25","income","Sales","1126.84","Daily cash sales compiled for all outlets","POS-Cash","Sarah",""
"2026-05-25","income","Sales","1799.93","Daily card sales compiled for all outlets","POS-Card","Ali",""
"2026-05-25","income","Sales","1541.88","Daily QR / DuitNow sales compiled for all outlets","POS-QR","Tan",""
"2026-05-26","income","Sales","1109.37","Daily cash sales compiled for all outlets","POS-Cash","Ali",""
"2026-05-26","income","Sales","1421.40","Daily card sales compiled for all outlets","POS-Card","Tan",""
"2026-05-26","income","Sales","1840.51","Daily QR / DuitNow sales compiled for all outlets","POS-QR","Lim",""
"2026-05-27","income","Sales","1147.17","Daily cash sales compiled for all outlets","POS-Cash","Tan",""
"2026-05-27","income","Sales","1701.58","Daily card sales compiled for all outlets","POS-Card","Lim",""
"2026-05-27","income","Sales","2060.32","Daily QR / DuitNow sales compiled for all outlets","POS-QR","Ahmad",""
"2026-05-28","income","Sales","919.54","Daily cash sales compiled for all outlets","POS-Cash","Lim",""
"2026-05-28","income","Sales","1793.82","Daily card sales compiled for all outlets","POS-Card","Ahmad",""
"2026-05-28","income","Sales","1923.20","Daily QR / DuitNow sales compiled for all outlets","POS-QR","Jack",""
"2026-05-29","income","Sales","979.15","Daily cash sales compiled for all outlets","POS-Cash","Ahmad",""
"2026-05-29","income","Sales","1523.37","Daily card sales compiled for all outlets","POS-Card","Jack",""
"2026-05-29","income","Sales","2108.07","Daily QR / DuitNow sales compiled for all outlets","POS-QR","Sarah",""
"2026-05-30","income","Sales","1169.92","Daily cash sales compiled for all outlets","POS-Cash","Jack",""
"2026-05-30","income","Sales","1646.86","Daily card sales compiled for all outlets","POS-Card","Sarah",""
"2026-05-30","income","Sales","1519.72","Daily QR / DuitNow sales compiled for all outlets","POS-QR","Ali",""
"2026-05-31","income","Sales","1199.59","Daily cash sales compiled for all outlets","POS-Cash","Sarah",""
"2026-05-31","income","Sales","1673.29","Daily card sales compiled for all outlets","POS-Card","Ali",""
"2026-05-31","income","Sales","1994.69","Daily QR / DuitNow sales compiled for all outlets","POS-QR","Tan",""
"2026-06-01","expense","Rent","4500.00","Monthly rental for outlet Taman A","Manual","Jack",""
"2026-06-01","expense","Rent","4500.00","Monthly rental for outlet Taman B","Manual","Sarah",""
"2026-06-01","expense","Rent","4500.00","Monthly rental for outlet Taman C","Manual","Ali",""
"2026-06-01","expense","Rent","4500.00","Monthly rental for outlet Taman D","Manual","Tan",""
"2026-06-01","expense","Rent","4500.00","Monthly rental for outlet Taman E","Manual","Lim",""
"2026-06-10","expense","Utilities","393.47","Electricity bill for Taman A","Manual","Sarah",""
"2026-06-10","expense","Utilities","61.19","Water bill for Taman A","Manual","Sarah",""
"2026-06-12","expense","Utilities","433.79","Electricity bill for Taman B","Manual","Ali",""
"2026-06-12","expense","Utilities","67.74","Water bill for Taman B","Manual","Ali",""
"2026-06-15","expense","Utilities","462.77","Electricity bill for Taman C","Manual","Tan",""
"2026-06-15","expense","Utilities","90.93","Water bill for Taman C","Manual","Tan",""
"2026-06-18","expense","Utilities","490.10","Electricity bill for Taman D","Manual","Lim",""
"2026-06-18","expense","Utilities","75.00","Water bill for Taman D","Manual","Lim",""
"2026-06-21","expense","Utilities","430.91","Electricity bill for Taman E","Manual","Ahmad",""
"2026-06-21","expense","Utilities","61.83","Water bill for Taman E","Manual","Ahmad",""
"2026-06-05","expense","Inventory","23334.46","Bulk tea leaves, cups and packaging materials from supplier","Manual","Sarah",""
"2026-06-20","expense","Inventory","20733.84","Milk, syrup and fresh pastry supplies from vendor","Manual","Ahmad",""
"2026-06-10","expense","Marketing","6413.67","Social media ads and local influencer campaigns payout","Manual","Tan",""
"2026-06-28","expense","Salaries","71200.54","Monthly staff salaries and EPF contributions compiled","Manual","Lim",""
"2026-06-28","expense","Claims","152.71","Petrol and travel claim [PIC: Ali]","Manual","Ali",""
"2026-06-01","income","Sales","1101.41","Daily cash sales compiled for all outlets","POS-Cash","Sarah",""
"2026-06-01","income","Sales","1640.15","Daily card sales compiled for all outlets","POS-Card","Ali",""
"2026-06-01","income","Sales","2101.63","Daily QR / DuitNow sales compiled for all outlets","POS-QR","Tan",""
"2026-06-02","income","Sales","1166.92","Daily cash sales compiled for all outlets","POS-Cash","Ali",""
"2026-06-02","income","Sales","1645.19","Daily card sales compiled for all outlets","POS-Card","Tan",""
"2026-06-02","income","Sales","2276.47","Daily QR / DuitNow sales compiled for all outlets","POS-QR","Lim",""
"2026-06-03","income","Sales","1022.08","Daily cash sales compiled for all outlets","POS-Cash","Tan",""
"2026-06-03","income","Sales","1324.46","Daily card sales compiled for all outlets","POS-Card","Lim",""
"2026-06-03","income","Sales","1560.56","Daily QR / DuitNow sales compiled for all outlets","POS-QR","Ahmad",""
"2026-06-04","income","Sales","993.80","Daily cash sales compiled for all outlets","POS-Cash","Lim",""
"2026-06-04","income","Sales","1209.11","Daily card sales compiled for all outlets","POS-Card","Ahmad",""
"2026-06-04","income","Sales","1570.59","Daily QR / DuitNow sales compiled for all outlets","POS-QR","Jack",""
"2026-06-05","income","Sales","1037.83","Daily cash sales compiled for all outlets","POS-Cash","Ahmad",""
"2026-06-05","income","Sales","1523.69","Daily card sales compiled for all outlets","POS-Card","Jack",""
"2026-06-05","income","Sales","1723.32","Daily QR / DuitNow sales compiled for all outlets","POS-QR","Sarah",""
"2026-06-06","income","Sales","809.66","Daily cash sales compiled for all outlets","POS-Cash","Jack",""
"2026-06-06","income","Sales","1214.72","Daily card sales compiled for all outlets","POS-Card","Sarah",""
"2026-06-06","income","Sales","2128.86","Daily QR / DuitNow sales compiled for all outlets","POS-QR","Ali",""
"2026-06-07","income","Sales","1117.07","Daily cash sales compiled for all outlets","POS-Cash","Sarah",""
"2026-06-07","income","Sales","1538.68","Daily card sales compiled for all outlets","POS-Card","Ali",""
"2026-06-07","income","Sales","1635.99","Daily QR / DuitNow sales compiled for all outlets","POS-QR","Tan",""
"2026-06-08","income","Sales","1056.00","Daily cash sales compiled for all outlets","POS-Cash","Ali",""
"2026-06-08","income","Sales","1448.75","Daily card sales compiled for all outlets","POS-Card","Tan",""
"2026-06-08","income","Sales","1786.07","Daily QR / DuitNow sales compiled for all outlets","POS-QR","Lim",""
"2026-06-09","income","Sales","1157.70","Daily cash sales compiled for all outlets","POS-Cash","Tan",""
"2026-06-09","income","Sales","1221.49","Daily card sales compiled for all outlets","POS-Card","Lim",""
"2026-06-09","income","Sales","1905.67","Daily QR / DuitNow sales compiled for all outlets","POS-QR","Ahmad",""
"2026-06-10","income","Sales","1084.01","Daily cash sales compiled for all outlets","POS-Cash","Lim",""
"2026-06-10","income","Sales","1313.55","Daily card sales compiled for all outlets","POS-Card","Ahmad",""
"2026-06-10","income","Sales","2085.69","Daily QR / DuitNow sales compiled for all outlets","POS-QR","Jack",""
"2026-06-11","income","Sales","1016.39","Daily cash sales compiled for all outlets","POS-Cash","Ahmad",""
"2026-06-11","income","Sales","1777.39","Daily card sales compiled for all outlets","POS-Card","Jack",""
"2026-06-11","income","Sales","1632.45","Daily QR / DuitNow sales compiled for all outlets","POS-QR","Sarah",""
"2026-06-12","income","Sales","875.05","Daily cash sales compiled for all outlets","POS-Cash","Jack",""
"2026-06-12","income","Sales","1298.93","Daily card sales compiled for all outlets","POS-Card","Sarah",""
"2026-06-12","income","Sales","2214.94","Daily QR / DuitNow sales compiled for all outlets","POS-QR","Ali",""
"2026-06-13","income","Sales","1199.13","Daily cash sales compiled for all outlets","POS-Cash","Sarah",""
"2026-06-13","income","Sales","1247.95","Daily card sales compiled for all outlets","POS-Card","Ali",""
"2026-06-13","income","Sales","2248.27","Daily QR / DuitNow sales compiled for all outlets","POS-QR","Tan",""
"2026-06-14","income","Sales","1016.11","Daily cash sales compiled for all outlets","POS-Cash","Ali",""
"2026-06-14","income","Sales","1786.45","Daily card sales compiled for all outlets","POS-Card","Tan",""
"2026-06-14","income","Sales","2179.54","Daily QR / DuitNow sales compiled for all outlets","POS-QR","Lim",""
"2026-06-15","income","Sales","856.87","Daily cash sales compiled for all outlets","POS-Cash","Tan",""
"2026-06-15","income","Sales","1454.44","Daily card sales compiled for all outlets","POS-Card","Lim",""
"2026-06-15","income","Sales","1683.25","Daily QR / DuitNow sales compiled for all outlets","POS-QR","Ahmad",""
"2026-06-16","income","Sales","1043.15","Daily cash sales compiled for all outlets","POS-Cash","Lim",""
"2026-06-16","income","Sales","1233.89","Daily card sales compiled for all outlets","POS-Card","Ahmad",""
"2026-06-16","income","Sales","2124.18","Daily QR / DuitNow sales compiled for all outlets","POS-QR","Jack",""
"2026-06-17","income","Sales","847.03","Daily cash sales compiled for all outlets","POS-Cash","Ahmad",""
"2026-06-17","income","Sales","1305.95","Daily card sales compiled for all outlets","POS-Card","Jack",""
"2026-06-17","income","Sales","1657.96","Daily QR / DuitNow sales compiled for all outlets","POS-QR","Sarah",""
"2026-06-18","income","Sales","835.58","Daily cash sales compiled for all outlets","POS-Cash","Jack",""
"2026-06-18","income","Sales","1488.40","Daily card sales compiled for all outlets","POS-Card","Sarah",""
"2026-06-18","income","Sales","1816.57","Daily QR / DuitNow sales compiled for all outlets","POS-QR","Ali",""
"2026-06-19","income","Sales","987.04","Daily cash sales compiled for all outlets","POS-Cash","Sarah",""
"2026-06-19","income","Sales","1762.42","Daily card sales compiled for all outlets","POS-Card","Ali",""
"2026-06-19","income","Sales","2160.72","Daily QR / DuitNow sales compiled for all outlets","POS-QR","Tan",""
"2026-06-20","income","Sales","939.13","Daily cash sales compiled for all outlets","POS-Cash","Ali",""
"2026-06-20","income","Sales","1207.10","Daily card sales compiled for all outlets","POS-Card","Tan",""
"2026-06-20","income","Sales","2170.90","Daily QR / DuitNow sales compiled for all outlets","POS-QR","Lim",""
"2026-06-21","income","Sales","1169.03","Daily cash sales compiled for all outlets","POS-Cash","Tan",""
"2026-06-21","income","Sales","1551.22","Daily card sales compiled for all outlets","POS-Card","Lim",""
"2026-06-21","income","Sales","1565.91","Daily QR / DuitNow sales compiled for all outlets","POS-QR","Ahmad",""
"2026-06-22","income","Sales","986.13","Daily cash sales compiled for all outlets","POS-Cash","Lim",""
"2026-06-22","income","Sales","1644.70","Daily card sales compiled for all outlets","POS-Card","Ahmad",""
"2026-06-22","income","Sales","1526.31","Daily QR / DuitNow sales compiled for all outlets","POS-QR","Jack",""
"2026-06-23","income","Sales","1146.98","Daily cash sales compiled for all outlets","POS-Cash","Ahmad",""
"2026-06-23","income","Sales","1738.93","Daily card sales compiled for all outlets","POS-Card","Jack",""
"2026-06-23","income","Sales","2108.82","Daily QR / DuitNow sales compiled for all outlets","POS-QR","Sarah",""
"2026-06-24","income","Sales","1087.19","Daily cash sales compiled for all outlets","POS-Cash","Jack",""
"2026-06-24","income","Sales","1790.96","Daily card sales compiled for all outlets","POS-Card","Sarah",""
"2026-06-24","income","Sales","1967.81","Daily QR / DuitNow sales compiled for all outlets","POS-QR","Ali",""
"2026-06-25","income","Sales","1031.34","Daily cash sales compiled for all outlets","POS-Cash","Sarah",""
"2026-06-25","income","Sales","1790.49","Daily card sales compiled for all outlets","POS-Card","Ali",""
"2026-06-25","income","Sales","1850.44","Daily QR / DuitNow sales compiled for all outlets","POS-QR","Tan",""
"2026-06-26","income","Sales","1197.57","Daily cash sales compiled for all outlets","POS-Cash","Ali",""
"2026-06-26","income","Sales","1784.57","Daily card sales compiled for all outlets","POS-Card","Tan",""
"2026-06-26","income","Sales","1725.39","Daily QR / DuitNow sales compiled for all outlets","POS-QR","Lim",""
"2026-06-27","income","Sales","1072.02","Daily cash sales compiled for all outlets","POS-Cash","Tan",""
"2026-06-27","income","Sales","1299.19","Daily card sales compiled for all outlets","POS-Card","Lim",""
"2026-06-27","income","Sales","2002.74","Daily QR / DuitNow sales compiled for all outlets","POS-QR","Ahmad",""
"2026-06-28","income","Sales","1111.04","Daily cash sales compiled for all outlets","POS-Cash","Lim",""
"2026-06-28","income","Sales","1790.34","Daily card sales compiled for all outlets","POS-Card","Ahmad",""
"2026-06-28","income","Sales","1794.79","Daily QR / DuitNow sales compiled for all outlets","POS-QR","Jack",""
"2026-06-29","income","Sales","870.52","Daily cash sales compiled for all outlets","POS-Cash","Ahmad",""
"2026-06-29","income","Sales","1303.57","Daily card sales compiled for all outlets","POS-Card","Jack",""
"2026-06-29","income","Sales","1741.80","Daily QR / DuitNow sales compiled for all outlets","POS-QR","Sarah",""
"2026-06-30","income","Sales","1044.08","Daily cash sales compiled for all outlets","POS-Cash","Jack",""
"2026-06-30","income","Sales","1241.35","Daily card sales compiled for all outlets","POS-Card","Sarah",""
"2026-06-30","income","Sales","2237.65","Daily QR / DuitNow sales compiled for all outlets","POS-QR","Ali",""
"2026-06-15","income","Sales","50.00","B2C Receipt RCP-JXE9K | Pay: QR | Voucher: FREE_TEA_50","B2C Receipt","Jack","FREE_TEA_50"
"2026-06-15","income","Sales","45.00","B2C Receipt RCP-JXE9L | Pay: Cash | Voucher: FREE_TEA_50","B2C Receipt","Sarah","FREE_TEA_50"
"2026-07-01","expense","Rent","4500.00","Monthly rental for outlet Taman A","Manual","Jack",""
"2026-07-01","expense","Rent","4500.00","Monthly rental for outlet Taman B","Manual","Sarah",""
"2026-07-01","expense","Rent","4500.00","Monthly rental for outlet Taman C","Manual","Ali",""
"2026-07-01","expense","Rent","4500.00","Monthly rental for outlet Taman D","Manual","Tan",""
"2026-07-01","expense","Rent","4500.00","Monthly rental for outlet Taman E","Manual","Lim",""
"2026-07-10","expense","Utilities","494.28","Electricity bill for Taman A","Manual","Sarah",""
"2026-07-10","expense","Utilities","59.11","Water bill for Taman A","Manual","Sarah",""
"2026-07-12","expense","Utilities","449.25","Electricity bill for Taman B","Manual","Ali",""
"2026-07-12","expense","Utilities","51.04","Water bill for Taman B","Manual","Ali",""
"2026-07-15","expense","Utilities","395.17","Electricity bill for Taman C","Manual","Tan",""
"2026-07-15","expense","Utilities","98.61","Water bill for Taman C","Manual","Tan",""
"2026-07-18","expense","Utilities","331.23","Electricity bill for Taman D","Manual","Lim",""
"2026-07-18","expense","Utilities","85.16","Water bill for Taman D","Manual","Lim",""
"2026-07-21","expense","Utilities","312.59","Electricity bill for Taman E","Manual","Ahmad",""
"2026-07-21","expense","Utilities","80.74","Water bill for Taman E","Manual","Ahmad",""
"2026-07-05","expense","Inventory","23080.92","Bulk tea leaves, cups and packaging materials from supplier","Manual","Sarah",""
"2026-07-20","expense","Inventory","18305.23","Milk, syrup and fresh pastry supplies from vendor","Manual","Ahmad",""
"2026-07-10","expense","Marketing","6423.58","Social media ads and local influencer campaigns payout","Manual","Tan",""
"2026-07-28","expense","Salaries","73692.50","Monthly staff salaries and EPF contributions compiled","Manual","Lim",""
"2026-07-28","expense","Claims","207.83","Petrol and travel claim [PIC: Ali]","Manual","Ali",""
"2026-07-01","income","Sales","1012.40","Daily cash sales compiled for all outlets","POS-Cash","Sarah",""
"2026-07-01","income","Sales","1717.53","Daily card sales compiled for all outlets","POS-Card","Ali",""
"2026-07-01","income","Sales","1651.00","Daily QR / DuitNow sales compiled for all outlets","POS-QR","Tan",""
"2026-07-02","income","Sales","814.68","Daily cash sales compiled for all outlets","POS-Cash","Ali",""
"2026-07-02","income","Sales","1412.95","Daily card sales compiled for all outlets","POS-Card","Tan",""
"2026-07-02","income","Sales","1661.90","Daily QR / DuitNow sales compiled for all outlets","POS-QR","Lim",""
"2026-07-03","income","Sales","1074.67","Daily cash sales compiled for all outlets","POS-Cash","Tan",""
"2026-07-03","income","Sales","1432.57","Daily card sales compiled for all outlets","POS-Card","Lim",""
"2026-07-03","income","Sales","1669.95","Daily QR / DuitNow sales compiled for all outlets","POS-QR","Ahmad",""
"2026-07-04","income","Sales","950.43","Daily cash sales compiled for all outlets","POS-Cash","Lim",""
"2026-07-04","income","Sales","1589.05","Daily card sales compiled for all outlets","POS-Card","Ahmad",""
"2026-07-04","income","Sales","1921.56","Daily QR / DuitNow sales compiled for all outlets","POS-QR","Jack",""
"2026-07-05","income","Sales","944.59","Daily cash sales compiled for all outlets","POS-Cash","Ahmad",""
"2026-07-05","income","Sales","1407.50","Daily card sales compiled for all outlets","POS-Card","Jack",""
"2026-07-05","income","Sales","2060.00","Daily QR / DuitNow sales compiled for all outlets","POS-QR","Sarah",""
"2026-07-06","income","Sales","921.08","Daily cash sales compiled for all outlets","POS-Cash","Jack",""
"2026-07-06","income","Sales","1635.14","Daily card sales compiled for all outlets","POS-Card","Sarah",""
"2026-07-06","income","Sales","2084.30","Daily QR / DuitNow sales compiled for all outlets","POS-QR","Ali",""
"2026-07-07","income","Sales","915.34","Daily cash sales compiled for all outlets","POS-Cash","Sarah",""
"2026-07-07","income","Sales","1362.05","Daily card sales compiled for all outlets","POS-Card","Ali",""
"2026-07-07","income","Sales","2090.06","Daily QR / DuitNow sales compiled for all outlets","POS-QR","Tan",""
"2026-07-08","income","Sales","904.17","Daily cash sales compiled for all outlets","POS-Cash","Ali",""
"2026-07-08","income","Sales","1315.83","Daily card sales compiled for all outlets","POS-Card","Tan",""
"2026-07-08","income","Sales","2089.34","Daily QR / DuitNow sales compiled for all outlets","POS-QR","Lim",""
"2026-07-09","income","Sales","1186.59","Daily cash sales compiled for all outlets","POS-Cash","Tan",""
"2026-07-09","income","Sales","1664.74","Daily card sales compiled for all outlets","POS-Card","Lim",""
"2026-07-09","income","Sales","1691.74","Daily QR / DuitNow sales compiled for all outlets","POS-QR","Ahmad",""
"2026-07-10","income","Sales","991.20","Daily cash sales compiled for all outlets","POS-Cash","Lim",""
"2026-07-10","income","Sales","1535.50","Daily card sales compiled for all outlets","POS-Card","Ahmad",""
"2026-07-10","income","Sales","2014.65","Daily QR / DuitNow sales compiled for all outlets","POS-QR","Jack",""
"2026-07-11","income","Sales","986.36","Daily cash sales compiled for all outlets","POS-Cash","Ahmad",""
"2026-07-11","income","Sales","1436.06","Daily card sales compiled for all outlets","POS-Card","Jack",""
"2026-07-11","income","Sales","2198.22","Daily QR / DuitNow sales compiled for all outlets","POS-QR","Sarah",""
"2026-07-12","income","Sales","800.82","Daily cash sales compiled for all outlets","POS-Cash","Jack",""
"2026-07-12","income","Sales","1754.46","Daily card sales compiled for all outlets","POS-Card","Sarah",""
"2026-07-12","income","Sales","1773.24","Daily QR / DuitNow sales compiled for all outlets","POS-QR","Ali",""
"2026-07-13","income","Sales","1181.17","Daily cash sales compiled for all outlets","POS-Cash","Sarah",""
"2026-07-13","income","Sales","1602.36","Daily card sales compiled for all outlets","POS-Card","Ali",""
"2026-07-13","income","Sales","2077.91","Daily QR / DuitNow sales compiled for all outlets","POS-QR","Tan",""
"2026-07-14","income","Sales","819.70","Daily cash sales compiled for all outlets","POS-Cash","Ali",""
"2026-07-14","income","Sales","1572.70","Daily card sales compiled for all outlets","POS-Card","Tan",""
"2026-07-14","income","Sales","1826.83","Daily QR / DuitNow sales compiled for all outlets","POS-QR","Lim",""
"2026-07-15","income","Sales","1012.67","Daily cash sales compiled for all outlets","POS-Cash","Tan",""
"2026-07-15","income","Sales","1215.40","Daily card sales compiled for all outlets","POS-Card","Lim",""
"2026-07-15","income","Sales","1728.74","Daily QR / DuitNow sales compiled for all outlets","POS-QR","Ahmad",""
"2026-07-16","income","Sales","1149.75","Daily cash sales compiled for all outlets","POS-Cash","Lim",""
"2026-07-16","income","Sales","1441.14","Daily card sales compiled for all outlets","POS-Card","Ahmad",""
"2026-07-16","income","Sales","2007.80","Daily QR / DuitNow sales compiled for all outlets","POS-QR","Jack",""
"2026-07-17","income","Sales","905.58","Daily cash sales compiled for all outlets","POS-Cash","Ahmad",""
"2026-07-17","income","Sales","1591.66","Daily card sales compiled for all outlets","POS-Card","Jack",""
"2026-07-17","income","Sales","2161.78","Daily QR / DuitNow sales compiled for all outlets","POS-QR","Sarah",""
"2026-07-18","income","Sales","1188.30","Daily cash sales compiled for all outlets","POS-Cash","Jack",""
"2026-07-18","income","Sales","1410.92","Daily card sales compiled for all outlets","POS-Card","Sarah",""
"2026-07-18","income","Sales","2253.07","Daily QR / DuitNow sales compiled for all outlets","POS-QR","Ali",""
"2026-07-19","income","Sales","957.37","Daily cash sales compiled for all outlets","POS-Cash","Sarah",""
"2026-07-19","income","Sales","1434.81","Daily card sales compiled for all outlets","POS-Card","Ali",""
"2026-07-19","income","Sales","1716.56","Daily QR / DuitNow sales compiled for all outlets","POS-QR","Tan",""
"2026-07-20","income","Sales","836.00","Daily cash sales compiled for all outlets","POS-Cash","Ali",""
"2026-07-20","income","Sales","1386.55","Daily card sales compiled for all outlets","POS-Card","Tan",""
"2026-07-20","income","Sales","2235.78","Daily QR / DuitNow sales compiled for all outlets","POS-QR","Lim",""
"2026-07-21","income","Sales","931.69","Daily cash sales compiled for all outlets","POS-Cash","Tan",""
"2026-07-21","income","Sales","1378.85","Daily card sales compiled for all outlets","POS-Card","Lim",""
"2026-07-21","income","Sales","2042.60","Daily QR / DuitNow sales compiled for all outlets","POS-QR","Ahmad",""
"2026-07-22","income","Sales","1008.61","Daily cash sales compiled for all outlets","POS-Cash","Lim",""
"2026-07-22","income","Sales","1774.82","Daily card sales compiled for all outlets","POS-Card","Ahmad",""
"2026-07-22","income","Sales","1893.10","Daily QR / DuitNow sales compiled for all outlets","POS-QR","Jack",""
"2026-07-23","income","Sales","885.67","Daily cash sales compiled for all outlets","POS-Cash","Ahmad",""
"2026-07-23","income","Sales","1434.97","Daily card sales compiled for all outlets","POS-Card","Jack",""
"2026-07-23","income","Sales","2130.12","Daily QR / DuitNow sales compiled for all outlets","POS-QR","Sarah",""
"2026-07-24","income","Sales","892.03","Daily cash sales compiled for all outlets","POS-Cash","Jack",""
"2026-07-24","income","Sales","1357.92","Daily card sales compiled for all outlets","POS-Card","Sarah",""
"2026-07-24","income","Sales","1812.04","Daily QR / DuitNow sales compiled for all outlets","POS-QR","Ali",""
"2026-07-25","income","Sales","1030.74","Daily cash sales compiled for all outlets","POS-Cash","Sarah",""
"2026-07-25","income","Sales","1759.02","Daily card sales compiled for all outlets","POS-Card","Ali",""
"2026-07-25","income","Sales","1948.96","Daily QR / DuitNow sales compiled for all outlets","POS-QR","Tan",""
"2026-07-26","income","Sales","984.85","Daily cash sales compiled for all outlets","POS-Cash","Ali",""
"2026-07-26","income","Sales","1560.21","Daily card sales compiled for all outlets","POS-Card","Tan",""
"2026-07-26","income","Sales","1686.43","Daily QR / DuitNow sales compiled for all outlets","POS-QR","Lim",""
"2026-07-27","income","Sales","995.01","Daily cash sales compiled for all outlets","POS-Cash","Tan",""
"2026-07-27","income","Sales","1385.98","Daily card sales compiled for all outlets","POS-Card","Lim",""
"2026-07-27","income","Sales","1504.00","Daily QR / DuitNow sales compiled for all outlets","POS-QR","Ahmad",""
"2026-07-28","income","Sales","945.34","Daily cash sales compiled for all outlets","POS-Cash","Lim",""
"2026-07-28","income","Sales","1795.38","Daily card sales compiled for all outlets","POS-Card","Ahmad",""
"2026-07-28","income","Sales","1854.33","Daily QR / DuitNow sales compiled for all outlets","POS-QR","Jack",""
"2026-07-29","income","Sales","1154.13","Daily cash sales compiled for all outlets","POS-Cash","Ahmad",""
"2026-07-29","income","Sales","1401.72","Daily card sales compiled for all outlets","POS-Card","Jack",""
"2026-07-29","income","Sales","1636.98","Daily QR / DuitNow sales compiled for all outlets","POS-QR","Sarah",""
"2026-07-30","income","Sales","838.41","Daily cash sales compiled for all outlets","POS-Cash","Jack",""
"2026-07-30","income","Sales","1744.47","Daily card sales compiled for all outlets","POS-Card","Sarah",""
"2026-07-30","income","Sales","1823.49","Daily QR / DuitNow sales compiled for all outlets","POS-QR","Ali",""
"2026-07-31","income","Sales","861.11","Daily cash sales compiled for all outlets","POS-Cash","Sarah",""
"2026-07-31","income","Sales","1701.24","Daily card sales compiled for all outlets","POS-Card","Ali",""
"2026-07-31","income","Sales","1917.05","Daily QR / DuitNow sales compiled for all outlets","POS-QR","Tan",""
"2026-08-01","expense","Rent","4500.00","Monthly rental for outlet Taman A","Manual","Jack",""
"2026-08-01","expense","Rent","4500.00","Monthly rental for outlet Taman B","Manual","Sarah",""
"2026-08-01","expense","Rent","4500.00","Monthly rental for outlet Taman C","Manual","Ali",""
"2026-08-01","expense","Rent","4500.00","Monthly rental for outlet Taman D","Manual","Tan",""
"2026-08-01","expense","Rent","4500.00","Monthly rental for outlet Taman E","Manual","Lim",""
"2026-08-10","expense","Utilities","348.36","Electricity bill for Taman A","Manual","Sarah",""
"2026-08-10","expense","Utilities","94.65","Water bill for Taman A","Manual","Sarah",""
"2026-08-12","expense","Utilities","397.82","Electricity bill for Taman B","Manual","Ali",""
"2026-08-12","expense","Utilities","71.71","Water bill for Taman B","Manual","Ali",""
"2026-08-15","expense","Utilities","492.08","Electricity bill for Taman C","Manual","Tan",""
"2026-08-15","expense","Utilities","62.12","Water bill for Taman C","Manual","Tan",""
"2026-08-18","expense","Utilities","301.65","Electricity bill for Taman D","Manual","Lim",""
"2026-08-18","expense","Utilities","65.32","Water bill for Taman D","Manual","Lim",""
"2026-08-21","expense","Utilities","348.26","Electricity bill for Taman E","Manual","Ahmad",""
"2026-08-21","expense","Utilities","82.18","Water bill for Taman E","Manual","Ahmad",""
"2026-08-05","expense","Inventory","25759.49","Bulk tea leaves, cups and packaging materials from supplier","Manual","Sarah",""
"2026-08-20","expense","Inventory","19279.73","Milk, syrup and fresh pastry supplies from vendor","Manual","Ahmad",""
"2026-08-10","expense","Marketing","5303.59","Social media ads and local influencer campaigns payout","Manual","Tan",""
"2026-08-28","expense","Salaries","72223.96","Monthly staff salaries and EPF contributions compiled","Manual","Lim",""
"2026-08-28","expense","Claims","246.88","Petrol and travel claim [PIC: Ali]","Manual","Ali",""
"2026-08-01","income","Sales","1113.18","Daily cash sales compiled for all outlets","POS-Cash","Sarah",""
"2026-08-01","income","Sales","1701.81","Daily card sales compiled for all outlets","POS-Card","Ali",""
"2026-08-01","income","Sales","1611.60","Daily QR / DuitNow sales compiled for all outlets","POS-QR","Tan",""
"2026-08-02","income","Sales","915.82","Daily cash sales compiled for all outlets","POS-Cash","Ali",""
"2026-08-02","income","Sales","1773.87","Daily card sales compiled for all outlets","POS-Card","Tan",""
"2026-08-02","income","Sales","1702.18","Daily QR / DuitNow sales compiled for all outlets","POS-QR","Lim",""
"2026-08-03","income","Sales","946.36","Daily cash sales compiled for all outlets","POS-Cash","Tan",""
"2026-08-03","income","Sales","1591.80","Daily card sales compiled for all outlets","POS-Card","Lim",""
"2026-08-03","income","Sales","1966.22","Daily QR / DuitNow sales compiled for all outlets","POS-QR","Ahmad",""
"2026-08-04","income","Sales","1155.94","Daily cash sales compiled for all outlets","POS-Cash","Lim",""
"2026-08-04","income","Sales","1713.67","Daily card sales compiled for all outlets","POS-Card","Ahmad",""
"2026-08-04","income","Sales","1959.70","Daily QR / DuitNow sales compiled for all outlets","POS-QR","Jack",""
"2026-08-05","income","Sales","1143.47","Daily cash sales compiled for all outlets","POS-Cash","Ahmad",""
"2026-08-05","income","Sales","1675.94","Daily card sales compiled for all outlets","POS-Card","Jack",""
"2026-08-05","income","Sales","2147.39","Daily QR / DuitNow sales compiled for all outlets","POS-QR","Sarah",""
"2026-08-06","income","Sales","905.02","Daily cash sales compiled for all outlets","POS-Cash","Jack",""
"2026-08-06","income","Sales","1772.30","Daily card sales compiled for all outlets","POS-Card","Sarah",""
"2026-08-06","income","Sales","1614.80","Daily QR / DuitNow sales compiled for all outlets","POS-QR","Ali",""
"2026-08-07","income","Sales","931.52","Daily cash sales compiled for all outlets","POS-Cash","Sarah",""
"2026-08-07","income","Sales","1271.86","Daily card sales compiled for all outlets","POS-Card","Ali",""
"2026-08-07","income","Sales","2127.35","Daily QR / DuitNow sales compiled for all outlets","POS-QR","Tan",""
"2026-08-08","income","Sales","845.35","Daily cash sales compiled for all outlets","POS-Cash","Ali",""
"2026-08-08","income","Sales","1630.56","Daily card sales compiled for all outlets","POS-Card","Tan",""
"2026-08-08","income","Sales","2061.95","Daily QR / DuitNow sales compiled for all outlets","POS-QR","Lim",""
"2026-08-09","income","Sales","893.64","Daily cash sales compiled for all outlets","POS-Cash","Tan",""
"2026-08-09","income","Sales","1439.23","Daily card sales compiled for all outlets","POS-Card","Lim",""
"2026-08-09","income","Sales","1580.20","Daily QR / DuitNow sales compiled for all outlets","POS-QR","Ahmad",""
"2026-08-10","income","Sales","998.82","Daily cash sales compiled for all outlets","POS-Cash","Lim",""
"2026-08-10","income","Sales","1252.88","Daily card sales compiled for all outlets","POS-Card","Ahmad",""
"2026-08-10","income","Sales","2119.68","Daily QR / DuitNow sales compiled for all outlets","POS-QR","Jack",""
"2026-08-11","income","Sales","928.83","Daily cash sales compiled for all outlets","POS-Cash","Ahmad",""
"2026-08-11","income","Sales","1502.42","Daily card sales compiled for all outlets","POS-Card","Jack",""
"2026-08-11","income","Sales","2177.82","Daily QR / DuitNow sales compiled for all outlets","POS-QR","Sarah",""
"2026-08-12","income","Sales","871.04","Daily cash sales compiled for all outlets","POS-Cash","Jack",""
"2026-08-12","income","Sales","1315.88","Daily card sales compiled for all outlets","POS-Card","Sarah",""
"2026-08-12","income","Sales","1700.68","Daily QR / DuitNow sales compiled for all outlets","POS-QR","Ali",""
"2026-08-13","income","Sales","1143.47","Daily cash sales compiled for all outlets","POS-Cash","Sarah",""
"2026-08-13","income","Sales","1486.63","Daily card sales compiled for all outlets","POS-Card","Ali",""
"2026-08-13","income","Sales","1803.21","Daily QR / DuitNow sales compiled for all outlets","POS-QR","Tan",""
"2026-08-14","income","Sales","914.01","Daily cash sales compiled for all outlets","POS-Cash","Ali",""
"2026-08-14","income","Sales","1336.13","Daily card sales compiled for all outlets","POS-Card","Tan",""
"2026-08-14","income","Sales","1627.88","Daily QR / DuitNow sales compiled for all outlets","POS-QR","Lim",""
"2026-08-15","income","Sales","1028.11","Daily cash sales compiled for all outlets","POS-Cash","Tan",""
"2026-08-15","income","Sales","1644.61","Daily card sales compiled for all outlets","POS-Card","Lim",""
"2026-08-15","income","Sales","1622.69","Daily QR / DuitNow sales compiled for all outlets","POS-QR","Ahmad",""
"2026-08-16","income","Sales","873.30","Daily cash sales compiled for all outlets","POS-Cash","Lim",""
"2026-08-16","income","Sales","1437.48","Daily card sales compiled for all outlets","POS-Card","Ahmad",""
"2026-08-16","income","Sales","2138.60","Daily QR / DuitNow sales compiled for all outlets","POS-QR","Jack",""
"2026-08-17","income","Sales","1146.97","Daily cash sales compiled for all outlets","POS-Cash","Ahmad",""
"2026-08-17","income","Sales","1372.23","Daily card sales compiled for all outlets","POS-Card","Jack",""
"2026-08-17","income","Sales","1521.14","Daily QR / DuitNow sales compiled for all outlets","POS-QR","Sarah",""
"2026-08-18","income","Sales","990.99","Daily cash sales compiled for all outlets","POS-Cash","Jack",""
"2026-08-18","income","Sales","1678.83","Daily card sales compiled for all outlets","POS-Card","Sarah",""
"2026-08-18","income","Sales","1751.89","Daily QR / DuitNow sales compiled for all outlets","POS-QR","Ali",""
"2026-08-19","income","Sales","1057.06","Daily cash sales compiled for all outlets","POS-Cash","Sarah",""
"2026-08-19","income","Sales","1379.76","Daily card sales compiled for all outlets","POS-Card","Ali",""
"2026-08-19","income","Sales","2222.42","Daily QR / DuitNow sales compiled for all outlets","POS-QR","Tan",""
"2026-08-20","income","Sales","972.08","Daily cash sales compiled for all outlets","POS-Cash","Ali",""
"2026-08-20","income","Sales","1200.62","Daily card sales compiled for all outlets","POS-Card","Tan",""
"2026-08-20","income","Sales","1816.73","Daily QR / DuitNow sales compiled for all outlets","POS-QR","Lim",""
"2026-08-21","income","Sales","888.36","Daily cash sales compiled for all outlets","POS-Cash","Tan",""
"2026-08-21","income","Sales","1269.43","Daily card sales compiled for all outlets","POS-Card","Lim",""
"2026-08-21","income","Sales","2042.97","Daily QR / DuitNow sales compiled for all outlets","POS-QR","Ahmad",""
"2026-08-22","income","Sales","1049.43","Daily cash sales compiled for all outlets","POS-Cash","Lim",""
"2026-08-22","income","Sales","1245.69","Daily card sales compiled for all outlets","POS-Card","Ahmad",""
"2026-08-22","income","Sales","2228.32","Daily QR / DuitNow sales compiled for all outlets","POS-QR","Jack",""
"2026-08-23","income","Sales","997.12","Daily cash sales compiled for all outlets","POS-Cash","Ahmad",""
"2026-08-23","income","Sales","1247.33","Daily card sales compiled for all outlets","POS-Card","Jack",""
"2026-08-23","income","Sales","2219.67","Daily QR / DuitNow sales compiled for all outlets","POS-QR","Sarah",""
"2026-08-24","income","Sales","974.04","Daily cash sales compiled for all outlets","POS-Cash","Jack",""
"2026-08-24","income","Sales","1225.64","Daily card sales compiled for all outlets","POS-Card","Sarah",""
"2026-08-24","income","Sales","1516.56","Daily QR / DuitNow sales compiled for all outlets","POS-QR","Ali",""
"2026-08-25","income","Sales","1002.14","Daily cash sales compiled for all outlets","POS-Cash","Sarah",""
"2026-08-25","income","Sales","1486.63","Daily card sales compiled for all outlets","POS-Card","Ali",""
"2026-08-25","income","Sales","2169.48","Daily QR / DuitNow sales compiled for all outlets","POS-QR","Tan",""
"2026-08-26","income","Sales","876.75","Daily cash sales compiled for all outlets","POS-Cash","Ali",""
"2026-08-26","income","Sales","1482.62","Daily card sales compiled for all outlets","POS-Card","Tan",""
"2026-08-26","income","Sales","1854.77","Daily QR / DuitNow sales compiled for all outlets","POS-QR","Lim",""
"2026-08-27","income","Sales","1143.92","Daily cash sales compiled for all outlets","POS-Cash","Tan",""
"2026-08-27","income","Sales","1438.67","Daily card sales compiled for all outlets","POS-Card","Lim",""
"2026-08-27","income","Sales","1873.07","Daily QR / DuitNow sales compiled for all outlets","POS-QR","Ahmad",""
"2026-08-28","income","Sales","1042.51","Daily cash sales compiled for all outlets","POS-Cash","Lim",""
"2026-08-28","income","Sales","1280.00","Daily card sales compiled for all outlets","POS-Card","Ahmad",""
"2026-08-28","income","Sales","1711.62","Daily QR / DuitNow sales compiled for all outlets","POS-QR","Jack",""
"2026-08-29","income","Sales","1147.31","Daily cash sales compiled for all outlets","POS-Cash","Ahmad",""
"2026-08-29","income","Sales","1601.64","Daily card sales compiled for all outlets","POS-Card","Jack",""
"2026-08-29","income","Sales","1828.38","Daily QR / DuitNow sales compiled for all outlets","POS-QR","Sarah",""
"2026-08-30","income","Sales","1017.48","Daily cash sales compiled for all outlets","POS-Cash","Jack",""
"2026-08-30","income","Sales","1757.11","Daily card sales compiled for all outlets","POS-Card","Sarah",""
"2026-08-30","income","Sales","1653.78","Daily QR / DuitNow sales compiled for all outlets","POS-QR","Ali",""
"2026-08-31","income","Sales","1017.95","Daily cash sales compiled for all outlets","POS-Cash","Sarah",""
"2026-08-31","income","Sales","1383.14","Daily card sales compiled for all outlets","POS-Card","Ali",""
"2026-08-31","income","Sales","1964.70","Daily QR / DuitNow sales compiled for all outlets","POS-QR","Tan",""
"2026-09-01","expense","Rent","4500.00","Monthly rental for outlet Taman A","Manual","Jack",""
"2026-09-01","expense","Rent","4500.00","Monthly rental for outlet Taman B","Manual","Sarah",""
"2026-09-01","expense","Rent","4500.00","Monthly rental for outlet Taman C","Manual","Ali",""
"2026-09-01","expense","Rent","4500.00","Monthly rental for outlet Taman D","Manual","Tan",""
"2026-09-01","expense","Rent","4500.00","Monthly rental for outlet Taman E","Manual","Lim",""
"2026-09-10","expense","Utilities","354.14","Electricity bill for Taman A","Manual","Sarah",""
"2026-09-10","expense","Utilities","86.36","Water bill for Taman A","Manual","Sarah",""
"2026-09-12","expense","Utilities","474.85","Electricity bill for Taman B","Manual","Ali",""
"2026-09-12","expense","Utilities","96.76","Water bill for Taman B","Manual","Ali",""
"2026-09-15","expense","Utilities","358.83","Electricity bill for Taman C","Manual","Tan",""
"2026-09-15","expense","Utilities","58.52","Water bill for Taman C","Manual","Tan",""
"2026-09-18","expense","Utilities","372.16","Electricity bill for Taman D","Manual","Lim",""
"2026-09-18","expense","Utilities","71.37","Water bill for Taman D","Manual","Lim",""
"2026-09-21","expense","Utilities","452.75","Electricity bill for Taman E","Manual","Ahmad",""
"2026-09-21","expense","Utilities","53.87","Water bill for Taman E","Manual","Ahmad",""
"2026-09-05","expense","Inventory","24128.94","Bulk tea leaves, cups and packaging materials from supplier","Manual","Sarah",""
"2026-09-20","expense","Inventory","20731.34","Milk, syrup and fresh pastry supplies from vendor","Manual","Ahmad",""
"2026-09-10","expense","Marketing","6078.35","Social media ads and local influencer campaigns payout","Manual","Tan",""
"2026-09-28","expense","Salaries","72250.47","Monthly staff salaries and EPF contributions compiled","Manual","Lim",""
"2026-09-28","expense","Claims","181.16","Petrol and travel claim [PIC: Ali]","Manual","Ali",""
"2026-09-01","income","Sales","1140.30","Daily cash sales compiled for all outlets","POS-Cash","Sarah",""
"2026-09-01","income","Sales","1544.54","Daily card sales compiled for all outlets","POS-Card","Ali",""
"2026-09-01","income","Sales","1586.00","Daily QR / DuitNow sales compiled for all outlets","POS-QR","Tan",""
"2026-09-02","income","Sales","814.01","Daily cash sales compiled for all outlets","POS-Cash","Ali",""
"2026-09-02","income","Sales","1417.99","Daily card sales compiled for all outlets","POS-Card","Tan",""
"2026-09-02","income","Sales","1967.67","Daily QR / DuitNow sales compiled for all outlets","POS-QR","Lim",""
"2026-09-03","income","Sales","966.11","Daily cash sales compiled for all outlets","POS-Cash","Tan",""
"2026-09-03","income","Sales","1686.88","Daily card sales compiled for all outlets","POS-Card","Lim",""
"2026-09-03","income","Sales","2136.79","Daily QR / DuitNow sales compiled for all outlets","POS-QR","Ahmad",""
"2026-09-04","income","Sales","955.90","Daily cash sales compiled for all outlets","POS-Cash","Lim",""
"2026-09-04","income","Sales","1775.09","Daily card sales compiled for all outlets","POS-Card","Ahmad",""
"2026-09-04","income","Sales","1657.53","Daily QR / DuitNow sales compiled for all outlets","POS-QR","Jack",""
"2026-09-05","income","Sales","943.19","Daily cash sales compiled for all outlets","POS-Cash","Ahmad",""
"2026-09-05","income","Sales","1670.63","Daily card sales compiled for all outlets","POS-Card","Jack",""
"2026-09-05","income","Sales","1981.70","Daily QR / DuitNow sales compiled for all outlets","POS-QR","Sarah",""
"2026-09-06","income","Sales","1170.86","Daily cash sales compiled for all outlets","POS-Cash","Jack",""
"2026-09-06","income","Sales","1259.33","Daily card sales compiled for all outlets","POS-Card","Sarah",""
"2026-09-06","income","Sales","1635.48","Daily QR / DuitNow sales compiled for all outlets","POS-QR","Ali",""
"2026-09-07","income","Sales","952.11","Daily cash sales compiled for all outlets","POS-Cash","Sarah",""
"2026-09-07","income","Sales","1318.37","Daily card sales compiled for all outlets","POS-Card","Ali",""
"2026-09-07","income","Sales","2298.82","Daily QR / DuitNow sales compiled for all outlets","POS-QR","Tan",""
"2026-09-08","income","Sales","1149.18","Daily cash sales compiled for all outlets","POS-Cash","Ali",""
"2026-09-08","income","Sales","1531.17","Daily card sales compiled for all outlets","POS-Card","Tan",""
"2026-09-08","income","Sales","2116.38","Daily QR / DuitNow sales compiled for all outlets","POS-QR","Lim",""
"2026-09-09","income","Sales","879.26","Daily cash sales compiled for all outlets","POS-Cash","Tan",""
"2026-09-09","income","Sales","1201.17","Daily card sales compiled for all outlets","POS-Card","Lim",""
"2026-09-09","income","Sales","2125.70","Daily QR / DuitNow sales compiled for all outlets","POS-QR","Ahmad",""
"2026-09-10","income","Sales","971.10","Daily cash sales compiled for all outlets","POS-Cash","Lim",""
"2026-09-10","income","Sales","1655.48","Daily card sales compiled for all outlets","POS-Card","Ahmad",""
"2026-09-10","income","Sales","1771.67","Daily QR / DuitNow sales compiled for all outlets","POS-QR","Jack",""
"2026-09-11","income","Sales","800.91","Daily cash sales compiled for all outlets","POS-Cash","Ahmad",""
"2026-09-11","income","Sales","1790.51","Daily card sales compiled for all outlets","POS-Card","Jack",""
"2026-09-11","income","Sales","1929.28","Daily QR / DuitNow sales compiled for all outlets","POS-QR","Sarah",""
"2026-09-12","income","Sales","873.97","Daily cash sales compiled for all outlets","POS-Cash","Jack",""
"2026-09-12","income","Sales","1295.09","Daily card sales compiled for all outlets","POS-Card","Sarah",""
"2026-09-12","income","Sales","2205.45","Daily QR / DuitNow sales compiled for all outlets","POS-QR","Ali",""
"2026-09-13","income","Sales","1019.83","Daily cash sales compiled for all outlets","POS-Cash","Sarah",""
"2026-09-13","income","Sales","1417.55","Daily card sales compiled for all outlets","POS-Card","Ali",""
"2026-09-13","income","Sales","1771.48","Daily QR / DuitNow sales compiled for all outlets","POS-QR","Tan",""
"2026-09-14","income","Sales","1118.67","Daily cash sales compiled for all outlets","POS-Cash","Ali",""
"2026-09-14","income","Sales","1265.47","Daily card sales compiled for all outlets","POS-Card","Tan",""
"2026-09-14","income","Sales","2026.81","Daily QR / DuitNow sales compiled for all outlets","POS-QR","Lim",""
"2026-09-15","income","Sales","952.48","Daily cash sales compiled for all outlets","POS-Cash","Tan",""
"2026-09-15","income","Sales","1722.95","Daily card sales compiled for all outlets","POS-Card","Lim",""
"2026-09-15","income","Sales","1774.25","Daily QR / DuitNow sales compiled for all outlets","POS-QR","Ahmad",""
"2026-09-16","income","Sales","948.55","Daily cash sales compiled for all outlets","POS-Cash","Lim",""
"2026-09-16","income","Sales","1598.10","Daily card sales compiled for all outlets","POS-Card","Ahmad",""
"2026-09-16","income","Sales","1552.88","Daily QR / DuitNow sales compiled for all outlets","POS-QR","Jack",""
"2026-09-17","income","Sales","958.05","Daily cash sales compiled for all outlets","POS-Cash","Ahmad",""
"2026-09-17","income","Sales","1580.87","Daily card sales compiled for all outlets","POS-Card","Jack",""
"2026-09-17","income","Sales","1825.64","Daily QR / DuitNow sales compiled for all outlets","POS-QR","Sarah",""
"2026-09-18","income","Sales","1123.00","Daily cash sales compiled for all outlets","POS-Cash","Jack",""
"2026-09-18","income","Sales","1591.68","Daily card sales compiled for all outlets","POS-Card","Sarah",""
"2026-09-18","income","Sales","1610.42","Daily QR / DuitNow sales compiled for all outlets","POS-QR","Ali",""
"2026-09-19","income","Sales","951.54","Daily cash sales compiled for all outlets","POS-Cash","Sarah",""
"2026-09-19","income","Sales","1354.24","Daily card sales compiled for all outlets","POS-Card","Ali",""
"2026-09-19","income","Sales","1797.11","Daily QR / DuitNow sales compiled for all outlets","POS-QR","Tan",""
"2026-09-20","income","Sales","967.02","Daily cash sales compiled for all outlets","POS-Cash","Ali",""
"2026-09-20","income","Sales","1750.35","Daily card sales compiled for all outlets","POS-Card","Tan",""
"2026-09-20","income","Sales","1529.32","Daily QR / DuitNow sales compiled for all outlets","POS-QR","Lim",""
"2026-09-21","income","Sales","999.12","Daily cash sales compiled for all outlets","POS-Cash","Tan",""
"2026-09-21","income","Sales","1441.75","Daily card sales compiled for all outlets","POS-Card","Lim",""
"2026-09-21","income","Sales","1703.27","Daily QR / DuitNow sales compiled for all outlets","POS-QR","Ahmad",""
"2026-09-22","income","Sales","904.58","Daily cash sales compiled for all outlets","POS-Cash","Lim",""
"2026-09-22","income","Sales","1457.35","Daily card sales compiled for all outlets","POS-Card","Ahmad",""
"2026-09-22","income","Sales","2264.84","Daily QR / DuitNow sales compiled for all outlets","POS-QR","Jack",""
"2026-09-23","income","Sales","1170.58","Daily cash sales compiled for all outlets","POS-Cash","Ahmad",""
"2026-09-23","income","Sales","1611.70","Daily card sales compiled for all outlets","POS-Card","Jack",""
"2026-09-23","income","Sales","1652.22","Daily QR / DuitNow sales compiled for all outlets","POS-QR","Sarah",""
"2026-09-24","income","Sales","1010.76","Daily cash sales compiled for all outlets","POS-Cash","Jack",""
"2026-09-24","income","Sales","1721.51","Daily card sales compiled for all outlets","POS-Card","Sarah",""
"2026-09-24","income","Sales","1828.75","Daily QR / DuitNow sales compiled for all outlets","POS-QR","Ali",""
"2026-09-25","income","Sales","1098.89","Daily cash sales compiled for all outlets","POS-Cash","Sarah",""
"2026-09-25","income","Sales","1452.43","Daily card sales compiled for all outlets","POS-Card","Ali",""
"2026-09-25","income","Sales","2061.26","Daily QR / DuitNow sales compiled for all outlets","POS-QR","Tan",""
"2026-09-26","income","Sales","864.28","Daily cash sales compiled for all outlets","POS-Cash","Ali",""
"2026-09-26","income","Sales","1657.14","Daily card sales compiled for all outlets","POS-Card","Tan",""
"2026-09-26","income","Sales","1803.37","Daily QR / DuitNow sales compiled for all outlets","POS-QR","Lim",""
"2026-09-27","income","Sales","925.14","Daily cash sales compiled for all outlets","POS-Cash","Tan",""
"2026-09-27","income","Sales","1260.19","Daily card sales compiled for all outlets","POS-Card","Lim",""
"2026-09-27","income","Sales","2074.34","Daily QR / DuitNow sales compiled for all outlets","POS-QR","Ahmad",""
"2026-09-28","income","Sales","1199.79","Daily cash sales compiled for all outlets","POS-Cash","Lim",""
"2026-09-28","income","Sales","1409.53","Daily card sales compiled for all outlets","POS-Card","Ahmad",""
"2026-09-28","income","Sales","1648.55","Daily QR / DuitNow sales compiled for all outlets","POS-QR","Jack",""
"2026-09-29","income","Sales","1117.87","Daily cash sales compiled for all outlets","POS-Cash","Ahmad",""
"2026-09-29","income","Sales","1599.45","Daily card sales compiled for all outlets","POS-Card","Jack",""
"2026-09-29","income","Sales","1740.59","Daily QR / DuitNow sales compiled for all outlets","POS-QR","Sarah",""
"2026-09-30","income","Sales","931.26","Daily cash sales compiled for all outlets","POS-Cash","Jack",""
"2026-09-30","income","Sales","1643.43","Daily card sales compiled for all outlets","POS-Card","Sarah",""
"2026-09-30","income","Sales","1769.31","Daily QR / DuitNow sales compiled for all outlets","POS-QR","Ali",""
"2026-10-01","expense","Rent","4500.00","Monthly rental for outlet Taman A","Manual","Jack",""
"2026-10-01","expense","Rent","4500.00","Monthly rental for outlet Taman B","Manual","Sarah",""
"2026-10-01","expense","Rent","4500.00","Monthly rental for outlet Taman C","Manual","Ali",""
"2026-10-01","expense","Rent","4500.00","Monthly rental for outlet Taman D","Manual","Tan",""
"2026-10-01","expense","Rent","4500.00","Monthly rental for outlet Taman E","Manual","Lim",""
"2026-10-10","expense","Utilities","387.32","Electricity bill for Taman A","Manual","Sarah",""
"2026-10-10","expense","Utilities","73.51","Water bill for Taman A","Manual","Sarah",""
"2026-10-12","expense","Utilities","453.73","Electricity bill for Taman B","Manual","Ali",""
"2026-10-12","expense","Utilities","84.57","Water bill for Taman B","Manual","Ali",""
"2026-10-15","expense","Utilities","406.04","Electricity bill for Taman C","Manual","Tan",""
"2026-10-15","expense","Utilities","94.33","Water bill for Taman C","Manual","Tan",""
"2026-10-18","expense","Utilities","408.80","Electricity bill for Taman D","Manual","Lim",""
"2026-10-18","expense","Utilities","87.69","Water bill for Taman D","Manual","Lim",""
"2026-10-21","expense","Utilities","355.72","Electricity bill for Taman E","Manual","Ahmad",""
"2026-10-21","expense","Utilities","80.32","Water bill for Taman E","Manual","Ahmad",""
"2026-10-05","expense","Inventory","22519.70","Bulk tea leaves, cups and packaging materials from supplier","Manual","Sarah",""
"2026-10-20","expense","Inventory","19118.76","Milk, syrup and fresh pastry supplies from vendor","Manual","Ahmad",""
"2026-10-10","expense","Marketing","5938.16","Social media ads and local influencer campaigns payout","Manual","Tan",""
"2026-10-28","expense","Salaries","71777.23","Monthly staff salaries and EPF contributions compiled","Manual","Lim",""
"2026-10-28","expense","Claims","157.93","Petrol and travel claim [PIC: Ali]","Manual","Ali",""
"2026-10-01","income","Sales","941.95","Daily cash sales compiled for all outlets","POS-Cash","Sarah",""
"2026-10-01","income","Sales","1419.62","Daily card sales compiled for all outlets","POS-Card","Ali",""
"2026-10-01","income","Sales","2187.25","Daily QR / DuitNow sales compiled for all outlets","POS-QR","Tan",""
"2026-10-02","income","Sales","846.62","Daily cash sales compiled for all outlets","POS-Cash","Ali",""
"2026-10-02","income","Sales","1238.41","Daily card sales compiled for all outlets","POS-Card","Tan",""
"2026-10-02","income","Sales","1998.92","Daily QR / DuitNow sales compiled for all outlets","POS-QR","Lim",""
"2026-10-03","income","Sales","927.95","Daily cash sales compiled for all outlets","POS-Cash","Tan",""
"2026-10-03","income","Sales","1360.57","Daily card sales compiled for all outlets","POS-Card","Lim",""
"2026-10-03","income","Sales","1649.80","Daily QR / DuitNow sales compiled for all outlets","POS-QR","Ahmad",""
"2026-10-04","income","Sales","1095.15","Daily cash sales compiled for all outlets","POS-Cash","Lim",""
"2026-10-04","income","Sales","1645.30","Daily card sales compiled for all outlets","POS-Card","Ahmad",""
"2026-10-04","income","Sales","2048.71","Daily QR / DuitNow sales compiled for all outlets","POS-QR","Jack",""
"2026-10-05","income","Sales","928.34","Daily cash sales compiled for all outlets","POS-Cash","Ahmad",""
"2026-10-05","income","Sales","1366.17","Daily card sales compiled for all outlets","POS-Card","Jack",""
"2026-10-05","income","Sales","1668.22","Daily QR / DuitNow sales compiled for all outlets","POS-QR","Sarah",""
"2026-10-06","income","Sales","1060.42","Daily cash sales compiled for all outlets","POS-Cash","Jack",""
"2026-10-06","income","Sales","1457.56","Daily card sales compiled for all outlets","POS-Card","Sarah",""
"2026-10-06","income","Sales","1802.75","Daily QR / DuitNow sales compiled for all outlets","POS-QR","Ali",""
"2026-10-07","income","Sales","1117.00","Daily cash sales compiled for all outlets","POS-Cash","Sarah",""
"2026-10-07","income","Sales","1688.62","Daily card sales compiled for all outlets","POS-Card","Ali",""
"2026-10-07","income","Sales","1642.47","Daily QR / DuitNow sales compiled for all outlets","POS-QR","Tan",""
"2026-10-08","income","Sales","878.09","Daily cash sales compiled for all outlets","POS-Cash","Ali",""
"2026-10-08","income","Sales","1643.11","Daily card sales compiled for all outlets","POS-Card","Tan",""
"2026-10-08","income","Sales","2146.40","Daily QR / DuitNow sales compiled for all outlets","POS-QR","Lim",""
"2026-10-09","income","Sales","1127.54","Daily cash sales compiled for all outlets","POS-Cash","Tan",""
"2026-10-09","income","Sales","1560.06","Daily card sales compiled for all outlets","POS-Card","Lim",""
"2026-10-09","income","Sales","2269.44","Daily QR / DuitNow sales compiled for all outlets","POS-QR","Ahmad",""
"2026-10-10","income","Sales","989.88","Daily cash sales compiled for all outlets","POS-Cash","Lim",""
"2026-10-10","income","Sales","1358.26","Daily card sales compiled for all outlets","POS-Card","Ahmad",""
"2026-10-10","income","Sales","1563.99","Daily QR / DuitNow sales compiled for all outlets","POS-QR","Jack",""
"2026-10-11","income","Sales","1002.78","Daily cash sales compiled for all outlets","POS-Cash","Ahmad",""
"2026-10-11","income","Sales","1507.69","Daily card sales compiled for all outlets","POS-Card","Jack",""
"2026-10-11","income","Sales","1510.78","Daily QR / DuitNow sales compiled for all outlets","POS-QR","Sarah",""
"2026-10-12","income","Sales","1134.48","Daily cash sales compiled for all outlets","POS-Cash","Jack",""
"2026-10-12","income","Sales","1668.71","Daily card sales compiled for all outlets","POS-Card","Sarah",""
"2026-10-12","income","Sales","2160.83","Daily QR / DuitNow sales compiled for all outlets","POS-QR","Ali",""
"2026-10-13","income","Sales","926.45","Daily cash sales compiled for all outlets","POS-Cash","Sarah",""
"2026-10-13","income","Sales","1347.74","Daily card sales compiled for all outlets","POS-Card","Ali",""
"2026-10-13","income","Sales","1658.14","Daily QR / DuitNow sales compiled for all outlets","POS-QR","Tan",""
"2026-10-14","income","Sales","1093.54","Daily cash sales compiled for all outlets","POS-Cash","Ali",""
"2026-10-14","income","Sales","1559.09","Daily card sales compiled for all outlets","POS-Card","Tan",""
"2026-10-14","income","Sales","1576.19","Daily QR / DuitNow sales compiled for all outlets","POS-QR","Lim",""
"2026-10-15","income","Sales","894.23","Daily cash sales compiled for all outlets","POS-Cash","Tan",""
"2026-10-15","income","Sales","1749.95","Daily card sales compiled for all outlets","POS-Card","Lim",""
"2026-10-15","income","Sales","2256.69","Daily QR / DuitNow sales compiled for all outlets","POS-QR","Ahmad",""
"2026-10-16","income","Sales","1179.05","Daily cash sales compiled for all outlets","POS-Cash","Lim",""
"2026-10-16","income","Sales","1382.13","Daily card sales compiled for all outlets","POS-Card","Ahmad",""
"2026-10-16","income","Sales","1604.45","Daily QR / DuitNow sales compiled for all outlets","POS-QR","Jack",""
"2026-10-17","income","Sales","998.34","Daily cash sales compiled for all outlets","POS-Cash","Ahmad",""
"2026-10-17","income","Sales","1515.82","Daily card sales compiled for all outlets","POS-Card","Jack",""
"2026-10-17","income","Sales","1540.11","Daily QR / DuitNow sales compiled for all outlets","POS-QR","Sarah",""
"2026-10-18","income","Sales","976.74","Daily cash sales compiled for all outlets","POS-Cash","Jack",""
"2026-10-18","income","Sales","1656.47","Daily card sales compiled for all outlets","POS-Card","Sarah",""
"2026-10-18","income","Sales","2105.87","Daily QR / DuitNow sales compiled for all outlets","POS-QR","Ali",""
"2026-10-19","income","Sales","1162.45","Daily cash sales compiled for all outlets","POS-Cash","Sarah",""
"2026-10-19","income","Sales","1789.62","Daily card sales compiled for all outlets","POS-Card","Ali",""
"2026-10-19","income","Sales","1995.92","Daily QR / DuitNow sales compiled for all outlets","POS-QR","Tan",""
"2026-10-20","income","Sales","1050.76","Daily cash sales compiled for all outlets","POS-Cash","Ali",""
"2026-10-20","income","Sales","1657.24","Daily card sales compiled for all outlets","POS-Card","Tan",""
"2026-10-20","income","Sales","1841.50","Daily QR / DuitNow sales compiled for all outlets","POS-QR","Lim",""
"2026-10-21","income","Sales","1030.84","Daily cash sales compiled for all outlets","POS-Cash","Tan",""
"2026-10-21","income","Sales","1395.18","Daily card sales compiled for all outlets","POS-Card","Lim",""
"2026-10-21","income","Sales","2232.74","Daily QR / DuitNow sales compiled for all outlets","POS-QR","Ahmad",""
"2026-10-22","income","Sales","1189.16","Daily cash sales compiled for all outlets","POS-Cash","Lim",""
"2026-10-22","income","Sales","1595.40","Daily card sales compiled for all outlets","POS-Card","Ahmad",""
"2026-10-22","income","Sales","1707.69","Daily QR / DuitNow sales compiled for all outlets","POS-QR","Jack",""
"2026-10-23","income","Sales","980.78","Daily cash sales compiled for all outlets","POS-Cash","Ahmad",""
"2026-10-23","income","Sales","1620.58","Daily card sales compiled for all outlets","POS-Card","Jack",""
"2026-10-23","income","Sales","1975.06","Daily QR / DuitNow sales compiled for all outlets","POS-QR","Sarah",""
"2026-10-24","income","Sales","1139.59","Daily cash sales compiled for all outlets","POS-Cash","Jack",""
"2026-10-24","income","Sales","1529.04","Daily card sales compiled for all outlets","POS-Card","Sarah",""
"2026-10-24","income","Sales","1574.93","Daily QR / DuitNow sales compiled for all outlets","POS-QR","Ali",""
"2026-10-25","income","Sales","819.15","Daily cash sales compiled for all outlets","POS-Cash","Sarah",""
"2026-10-25","income","Sales","1487.65","Daily card sales compiled for all outlets","POS-Card","Ali",""
"2026-10-25","income","Sales","1816.42","Daily QR / DuitNow sales compiled for all outlets","POS-QR","Tan",""
"2026-10-26","income","Sales","917.27","Daily cash sales compiled for all outlets","POS-Cash","Ali",""
"2026-10-26","income","Sales","1492.05","Daily card sales compiled for all outlets","POS-Card","Tan",""
"2026-10-26","income","Sales","2298.41","Daily QR / DuitNow sales compiled for all outlets","POS-QR","Lim",""
"2026-10-27","income","Sales","858.55","Daily cash sales compiled for all outlets","POS-Cash","Tan",""
"2026-10-27","income","Sales","1720.30","Daily card sales compiled for all outlets","POS-Card","Lim",""
"2026-10-27","income","Sales","1508.10","Daily QR / DuitNow sales compiled for all outlets","POS-QR","Ahmad",""
"2026-10-28","income","Sales","1046.45","Daily cash sales compiled for all outlets","POS-Cash","Lim",""
"2026-10-28","income","Sales","1490.73","Daily card sales compiled for all outlets","POS-Card","Ahmad",""
"2026-10-28","income","Sales","1838.81","Daily QR / DuitNow sales compiled for all outlets","POS-QR","Jack",""
"2026-10-29","income","Sales","1028.53","Daily cash sales compiled for all outlets","POS-Cash","Ahmad",""
"2026-10-29","income","Sales","1444.36","Daily card sales compiled for all outlets","POS-Card","Jack",""
"2026-10-29","income","Sales","1604.62","Daily QR / DuitNow sales compiled for all outlets","POS-QR","Sarah",""
"2026-10-30","income","Sales","992.87","Daily cash sales compiled for all outlets","POS-Cash","Jack",""
"2026-10-30","income","Sales","1554.64","Daily card sales compiled for all outlets","POS-Card","Sarah",""
"2026-10-30","income","Sales","1895.32","Daily QR / DuitNow sales compiled for all outlets","POS-QR","Ali",""
"2026-10-31","income","Sales","1055.55","Daily cash sales compiled for all outlets","POS-Cash","Sarah",""
"2026-10-31","income","Sales","1740.31","Daily card sales compiled for all outlets","POS-Card","Ali",""
"2026-10-31","income","Sales","2160.28","Daily QR / DuitNow sales compiled for all outlets","POS-QR","Tan",""
"2026-11-01","expense","Rent","4500.00","Monthly rental for outlet Taman A","Manual","Jack",""
"2026-11-01","expense","Rent","4500.00","Monthly rental for outlet Taman B","Manual","Sarah",""
"2026-11-01","expense","Rent","4500.00","Monthly rental for outlet Taman C","Manual","Ali",""
"2026-11-01","expense","Rent","4500.00","Monthly rental for outlet Taman D","Manual","Tan",""
"2026-11-01","expense","Rent","4500.00","Monthly rental for outlet Taman E","Manual","Lim",""
"2026-11-10","expense","Utilities","382.16","Electricity bill for Taman A","Manual","Sarah",""
"2026-11-10","expense","Utilities","50.51","Water bill for Taman A","Manual","Sarah",""
"2026-11-12","expense","Utilities","348.80","Electricity bill for Taman B","Manual","Ali",""
"2026-11-12","expense","Utilities","57.07","Water bill for Taman B","Manual","Ali",""
"2026-11-15","expense","Utilities","355.61","Electricity bill for Taman C","Manual","Tan",""
"2026-11-15","expense","Utilities","78.70","Water bill for Taman C","Manual","Tan",""
"2026-11-18","expense","Utilities","383.76","Electricity bill for Taman D","Manual","Lim",""
"2026-11-18","expense","Utilities","89.18","Water bill for Taman D","Manual","Lim",""
"2026-11-21","expense","Utilities","439.86","Electricity bill for Taman E","Manual","Ahmad",""
"2026-11-21","expense","Utilities","54.58","Water bill for Taman E","Manual","Ahmad",""
"2026-11-05","expense","Inventory","22178.26","Bulk tea leaves, cups and packaging materials from supplier","Manual","Sarah",""
"2026-11-20","expense","Inventory","19068.36","Milk, syrup and fresh pastry supplies from vendor","Manual","Ahmad",""
"2026-11-10","expense","Marketing","5689.85","Social media ads and local influencer campaigns payout","Manual","Tan",""
"2026-11-28","expense","Salaries","72494.22","Monthly staff salaries and EPF contributions compiled","Manual","Lim",""
"2026-11-28","expense","Claims","170.13","Petrol and travel claim [PIC: Ali]","Manual","Ali",""
"2026-11-01","income","Sales","1125.98","Daily cash sales compiled for all outlets","POS-Cash","Sarah",""
"2026-11-01","income","Sales","1564.02","Daily card sales compiled for all outlets","POS-Card","Ali",""
"2026-11-01","income","Sales","1679.26","Daily QR / DuitNow sales compiled for all outlets","POS-QR","Tan",""
"2026-11-02","income","Sales","940.89","Daily cash sales compiled for all outlets","POS-Cash","Ali",""
"2026-11-02","income","Sales","1488.10","Daily card sales compiled for all outlets","POS-Card","Tan",""
"2026-11-02","income","Sales","2015.31","Daily QR / DuitNow sales compiled for all outlets","POS-QR","Lim",""
"2026-11-03","income","Sales","1081.00","Daily cash sales compiled for all outlets","POS-Cash","Tan",""
"2026-11-03","income","Sales","1792.15","Daily card sales compiled for all outlets","POS-Card","Lim",""
"2026-11-03","income","Sales","1780.87","Daily QR / DuitNow sales compiled for all outlets","POS-QR","Ahmad",""
"2026-11-04","income","Sales","805.03","Daily cash sales compiled for all outlets","POS-Cash","Lim",""
"2026-11-04","income","Sales","1295.94","Daily card sales compiled for all outlets","POS-Card","Ahmad",""
"2026-11-04","income","Sales","2297.85","Daily QR / DuitNow sales compiled for all outlets","POS-QR","Jack",""
"2026-11-05","income","Sales","1003.16","Daily cash sales compiled for all outlets","POS-Cash","Ahmad",""
"2026-11-05","income","Sales","1525.30","Daily card sales compiled for all outlets","POS-Card","Jack",""
"2026-11-05","income","Sales","1785.20","Daily QR / DuitNow sales compiled for all outlets","POS-QR","Sarah",""
"2026-11-06","income","Sales","880.40","Daily cash sales compiled for all outlets","POS-Cash","Jack",""
"2026-11-06","income","Sales","1598.87","Daily card sales compiled for all outlets","POS-Card","Sarah",""
"2026-11-06","income","Sales","1798.46","Daily QR / DuitNow sales compiled for all outlets","POS-QR","Ali",""
"2026-11-07","income","Sales","866.96","Daily cash sales compiled for all outlets","POS-Cash","Sarah",""
"2026-11-07","income","Sales","1650.38","Daily card sales compiled for all outlets","POS-Card","Ali",""
"2026-11-07","income","Sales","2212.34","Daily QR / DuitNow sales compiled for all outlets","POS-QR","Tan",""
"2026-11-08","income","Sales","814.29","Daily cash sales compiled for all outlets","POS-Cash","Ali",""
"2026-11-08","income","Sales","1376.76","Daily card sales compiled for all outlets","POS-Card","Tan",""
"2026-11-08","income","Sales","1508.56","Daily QR / DuitNow sales compiled for all outlets","POS-QR","Lim",""
"2026-11-09","income","Sales","1019.89","Daily cash sales compiled for all outlets","POS-Cash","Tan",""
"2026-11-09","income","Sales","1341.63","Daily card sales compiled for all outlets","POS-Card","Lim",""
"2026-11-09","income","Sales","1891.15","Daily QR / DuitNow sales compiled for all outlets","POS-QR","Ahmad",""
"2026-11-10","income","Sales","836.75","Daily cash sales compiled for all outlets","POS-Cash","Lim",""
"2026-11-10","income","Sales","1205.85","Daily card sales compiled for all outlets","POS-Card","Ahmad",""
"2026-11-10","income","Sales","2214.10","Daily QR / DuitNow sales compiled for all outlets","POS-QR","Jack",""
"2026-11-11","income","Sales","1010.07","Daily cash sales compiled for all outlets","POS-Cash","Ahmad",""
"2026-11-11","income","Sales","1411.95","Daily card sales compiled for all outlets","POS-Card","Jack",""
"2026-11-11","income","Sales","1755.91","Daily QR / DuitNow sales compiled for all outlets","POS-QR","Sarah",""
"2026-11-12","income","Sales","961.18","Daily cash sales compiled for all outlets","POS-Cash","Jack",""
"2026-11-12","income","Sales","1546.61","Daily card sales compiled for all outlets","POS-Card","Sarah",""
"2026-11-12","income","Sales","1516.84","Daily QR / DuitNow sales compiled for all outlets","POS-QR","Ali",""
"2026-11-13","income","Sales","916.10","Daily cash sales compiled for all outlets","POS-Cash","Sarah",""
"2026-11-13","income","Sales","1777.16","Daily card sales compiled for all outlets","POS-Card","Ali",""
"2026-11-13","income","Sales","2102.98","Daily QR / DuitNow sales compiled for all outlets","POS-QR","Tan",""
"2026-11-14","income","Sales","1177.62","Daily cash sales compiled for all outlets","POS-Cash","Ali",""
"2026-11-14","income","Sales","1351.53","Daily card sales compiled for all outlets","POS-Card","Tan",""
"2026-11-14","income","Sales","1506.34","Daily QR / DuitNow sales compiled for all outlets","POS-QR","Lim",""
"2026-11-15","income","Sales","956.22","Daily cash sales compiled for all outlets","POS-Cash","Tan",""
"2026-11-15","income","Sales","1251.06","Daily card sales compiled for all outlets","POS-Card","Lim",""
"2026-11-15","income","Sales","1866.97","Daily QR / DuitNow sales compiled for all outlets","POS-QR","Ahmad",""
"2026-11-16","income","Sales","1085.83","Daily cash sales compiled for all outlets","POS-Cash","Lim",""
"2026-11-16","income","Sales","1544.38","Daily card sales compiled for all outlets","POS-Card","Ahmad",""
"2026-11-16","income","Sales","2247.08","Daily QR / DuitNow sales compiled for all outlets","POS-QR","Jack",""
"2026-11-17","income","Sales","1019.51","Daily cash sales compiled for all outlets","POS-Cash","Ahmad",""
"2026-11-17","income","Sales","1303.99","Daily card sales compiled for all outlets","POS-Card","Jack",""
"2026-11-17","income","Sales","1859.29","Daily QR / DuitNow sales compiled for all outlets","POS-QR","Sarah",""
"2026-11-18","income","Sales","985.39","Daily cash sales compiled for all outlets","POS-Cash","Jack",""
"2026-11-18","income","Sales","1353.33","Daily card sales compiled for all outlets","POS-Card","Sarah",""
"2026-11-18","income","Sales","1906.86","Daily QR / DuitNow sales compiled for all outlets","POS-QR","Ali",""
"2026-11-19","income","Sales","902.35","Daily cash sales compiled for all outlets","POS-Cash","Sarah",""
"2026-11-19","income","Sales","1492.44","Daily card sales compiled for all outlets","POS-Card","Ali",""
"2026-11-19","income","Sales","1927.15","Daily QR / DuitNow sales compiled for all outlets","POS-QR","Tan",""
"2026-11-20","income","Sales","1179.73","Daily cash sales compiled for all outlets","POS-Cash","Ali",""
"2026-11-20","income","Sales","1564.30","Daily card sales compiled for all outlets","POS-Card","Tan",""
"2026-11-20","income","Sales","1991.89","Daily QR / DuitNow sales compiled for all outlets","POS-QR","Lim",""
"2026-11-21","income","Sales","1044.61","Daily cash sales compiled for all outlets","POS-Cash","Tan",""
"2026-11-21","income","Sales","1606.22","Daily card sales compiled for all outlets","POS-Card","Lim",""
"2026-11-21","income","Sales","2239.83","Daily QR / DuitNow sales compiled for all outlets","POS-QR","Ahmad",""
"2026-11-22","income","Sales","1134.21","Daily cash sales compiled for all outlets","POS-Cash","Lim",""
"2026-11-22","income","Sales","1757.11","Daily card sales compiled for all outlets","POS-Card","Ahmad",""
"2026-11-22","income","Sales","1971.08","Daily QR / DuitNow sales compiled for all outlets","POS-QR","Jack",""
"2026-11-23","income","Sales","850.06","Daily cash sales compiled for all outlets","POS-Cash","Ahmad",""
"2026-11-23","income","Sales","1733.73","Daily card sales compiled for all outlets","POS-Card","Jack",""
"2026-11-23","income","Sales","1900.98","Daily QR / DuitNow sales compiled for all outlets","POS-QR","Sarah",""
"2026-11-24","income","Sales","1121.48","Daily cash sales compiled for all outlets","POS-Cash","Jack",""
"2026-11-24","income","Sales","1293.00","Daily card sales compiled for all outlets","POS-Card","Sarah",""
"2026-11-24","income","Sales","1645.92","Daily QR / DuitNow sales compiled for all outlets","POS-QR","Ali",""
"2026-11-25","income","Sales","1187.76","Daily cash sales compiled for all outlets","POS-Cash","Sarah",""
"2026-11-25","income","Sales","1757.42","Daily card sales compiled for all outlets","POS-Card","Ali",""
"2026-11-25","income","Sales","1781.06","Daily QR / DuitNow sales compiled for all outlets","POS-QR","Tan",""
"2026-11-26","income","Sales","871.88","Daily cash sales compiled for all outlets","POS-Cash","Ali",""
"2026-11-26","income","Sales","1394.69","Daily card sales compiled for all outlets","POS-Card","Tan",""
"2026-11-26","income","Sales","1662.51","Daily QR / DuitNow sales compiled for all outlets","POS-QR","Lim",""
"2026-11-27","income","Sales","1161.23","Daily cash sales compiled for all outlets","POS-Cash","Tan",""
"2026-11-27","income","Sales","1368.05","Daily card sales compiled for all outlets","POS-Card","Lim",""
"2026-11-27","income","Sales","1620.36","Daily QR / DuitNow sales compiled for all outlets","POS-QR","Ahmad",""
"2026-11-28","income","Sales","1034.75","Daily cash sales compiled for all outlets","POS-Cash","Lim",""
"2026-11-28","income","Sales","1383.46","Daily card sales compiled for all outlets","POS-Card","Ahmad",""
"2026-11-28","income","Sales","1617.27","Daily QR / DuitNow sales compiled for all outlets","POS-QR","Jack",""
"2026-11-29","income","Sales","862.58","Daily cash sales compiled for all outlets","POS-Cash","Ahmad",""
"2026-11-29","income","Sales","1419.75","Daily card sales compiled for all outlets","POS-Card","Jack",""
"2026-11-29","income","Sales","1745.09","Daily QR / DuitNow sales compiled for all outlets","POS-QR","Sarah",""
"2026-11-30","income","Sales","869.31","Daily cash sales compiled for all outlets","POS-Cash","Jack",""
"2026-11-30","income","Sales","1500.22","Daily card sales compiled for all outlets","POS-Card","Sarah",""
"2026-11-30","income","Sales","1879.51","Daily QR / DuitNow sales compiled for all outlets","POS-QR","Ali",""
"2026-12-01","expense","Rent","4500.00","Monthly rental for outlet Taman A","Manual","Jack",""
"2026-12-01","expense","Rent","4500.00","Monthly rental for outlet Taman B","Manual","Sarah",""
"2026-12-01","expense","Rent","4500.00","Monthly rental for outlet Taman C","Manual","Ali",""
"2026-12-01","expense","Rent","4500.00","Monthly rental for outlet Taman D","Manual","Tan",""
"2026-12-01","expense","Rent","4500.00","Monthly rental for outlet Taman E","Manual","Lim",""
"2026-12-10","expense","Utilities","499.79","Electricity bill for Taman A","Manual","Sarah",""
"2026-12-10","expense","Utilities","75.70","Water bill for Taman A","Manual","Sarah",""
"2026-12-12","expense","Utilities","392.21","Electricity bill for Taman B","Manual","Ali",""
"2026-12-12","expense","Utilities","61.05","Water bill for Taman B","Manual","Ali",""
"2026-12-15","expense","Utilities","375.74","Electricity bill for Taman C","Manual","Tan",""
"2026-12-15","expense","Utilities","67.79","Water bill for Taman C","Manual","Tan",""
"2026-12-18","expense","Utilities","421.44","Electricity bill for Taman D","Manual","Lim",""
"2026-12-18","expense","Utilities","79.60","Water bill for Taman D","Manual","Lim",""
"2026-12-21","expense","Utilities","316.09","Electricity bill for Taman E","Manual","Ahmad",""
"2026-12-21","expense","Utilities","51.02","Water bill for Taman E","Manual","Ahmad",""
"2026-12-05","expense","Inventory","25781.87","Bulk tea leaves, cups and packaging materials from supplier","Manual","Sarah",""
"2026-12-20","expense","Inventory","18564.10","Milk, syrup and fresh pastry supplies from vendor","Manual","Ahmad",""
"2026-12-10","expense","Marketing","6240.59","Social media ads and local influencer campaigns payout","Manual","Tan",""
"2026-12-28","expense","Salaries","70812.94","Monthly staff salaries and EPF contributions compiled","Manual","Lim",""
"2026-12-28","expense","Claims","213.98","Petrol and travel claim [PIC: Ali]","Manual","Ali",""
"2026-12-01","income","Sales","922.55","Daily cash sales compiled for all outlets","POS-Cash","Sarah",""
"2026-12-01","income","Sales","1533.57","Daily card sales compiled for all outlets","POS-Card","Ali",""
"2026-12-01","income","Sales","2054.20","Daily QR / DuitNow sales compiled for all outlets","POS-QR","Tan",""
"2026-12-02","income","Sales","897.60","Daily cash sales compiled for all outlets","POS-Cash","Ali",""
"2026-12-02","income","Sales","1696.55","Daily card sales compiled for all outlets","POS-Card","Tan",""
"2026-12-02","income","Sales","1655.76","Daily QR / DuitNow sales compiled for all outlets","POS-QR","Lim",""
"2026-12-03","income","Sales","1061.61","Daily cash sales compiled for all outlets","POS-Cash","Tan",""
"2026-12-03","income","Sales","1559.41","Daily card sales compiled for all outlets","POS-Card","Lim",""
"2026-12-03","income","Sales","1931.53","Daily QR / DuitNow sales compiled for all outlets","POS-QR","Ahmad",""
"2026-12-04","income","Sales","1136.39","Daily cash sales compiled for all outlets","POS-Cash","Lim",""
"2026-12-04","income","Sales","1736.93","Daily card sales compiled for all outlets","POS-Card","Ahmad",""
"2026-12-04","income","Sales","2288.57","Daily QR / DuitNow sales compiled for all outlets","POS-QR","Jack",""
"2026-12-05","income","Sales","1099.71","Daily cash sales compiled for all outlets","POS-Cash","Ahmad",""
"2026-12-05","income","Sales","1681.23","Daily card sales compiled for all outlets","POS-Card","Jack",""
"2026-12-05","income","Sales","2133.42","Daily QR / DuitNow sales compiled for all outlets","POS-QR","Sarah",""
"2026-12-06","income","Sales","1102.41","Daily cash sales compiled for all outlets","POS-Cash","Jack",""
"2026-12-06","income","Sales","1542.98","Daily card sales compiled for all outlets","POS-Card","Sarah",""
"2026-12-06","income","Sales","2252.49","Daily QR / DuitNow sales compiled for all outlets","POS-QR","Ali",""
"2026-12-07","income","Sales","981.65","Daily cash sales compiled for all outlets","POS-Cash","Sarah",""
"2026-12-07","income","Sales","1612.47","Daily card sales compiled for all outlets","POS-Card","Ali",""
"2026-12-07","income","Sales","1592.35","Daily QR / DuitNow sales compiled for all outlets","POS-QR","Tan",""
"2026-12-08","income","Sales","870.15","Daily cash sales compiled for all outlets","POS-Cash","Ali",""
"2026-12-08","income","Sales","1363.04","Daily card sales compiled for all outlets","POS-Card","Tan",""
"2026-12-08","income","Sales","1871.26","Daily QR / DuitNow sales compiled for all outlets","POS-QR","Lim",""
"2026-12-09","income","Sales","1182.30","Daily cash sales compiled for all outlets","POS-Cash","Tan",""
"2026-12-09","income","Sales","1435.14","Daily card sales compiled for all outlets","POS-Card","Lim",""
"2026-12-09","income","Sales","1736.29","Daily QR / DuitNow sales compiled for all outlets","POS-QR","Ahmad",""
"2026-12-10","income","Sales","1175.83","Daily cash sales compiled for all outlets","POS-Cash","Lim",""
"2026-12-10","income","Sales","1546.65","Daily card sales compiled for all outlets","POS-Card","Ahmad",""
"2026-12-10","income","Sales","1839.24","Daily QR / DuitNow sales compiled for all outlets","POS-QR","Jack",""
"2026-12-11","income","Sales","989.48","Daily cash sales compiled for all outlets","POS-Cash","Ahmad",""
"2026-12-11","income","Sales","1546.96","Daily card sales compiled for all outlets","POS-Card","Jack",""
"2026-12-11","income","Sales","1916.11","Daily QR / DuitNow sales compiled for all outlets","POS-QR","Sarah",""
"2026-12-12","income","Sales","878.20","Daily cash sales compiled for all outlets","POS-Cash","Jack",""
"2026-12-12","income","Sales","1513.25","Daily card sales compiled for all outlets","POS-Card","Sarah",""
"2026-12-12","income","Sales","2044.78","Daily QR / DuitNow sales compiled for all outlets","POS-QR","Ali",""
"2026-12-13","income","Sales","937.54","Daily cash sales compiled for all outlets","POS-Cash","Sarah",""
"2026-12-13","income","Sales","1602.66","Daily card sales compiled for all outlets","POS-Card","Ali",""
"2026-12-13","income","Sales","2175.23","Daily QR / DuitNow sales compiled for all outlets","POS-QR","Tan",""
"2026-12-14","income","Sales","1058.70","Daily cash sales compiled for all outlets","POS-Cash","Ali",""
"2026-12-14","income","Sales","1309.19","Daily card sales compiled for all outlets","POS-Card","Tan",""
"2026-12-14","income","Sales","1597.63","Daily QR / DuitNow sales compiled for all outlets","POS-QR","Lim",""
"2026-12-15","income","Sales","1131.10","Daily cash sales compiled for all outlets","POS-Cash","Tan",""
"2026-12-15","income","Sales","1563.39","Daily card sales compiled for all outlets","POS-Card","Lim",""
"2026-12-15","income","Sales","2258.44","Daily QR / DuitNow sales compiled for all outlets","POS-QR","Ahmad",""
"2026-12-16","income","Sales","939.75","Daily cash sales compiled for all outlets","POS-Cash","Lim",""
"2026-12-16","income","Sales","1463.70","Daily card sales compiled for all outlets","POS-Card","Ahmad",""
"2026-12-16","income","Sales","1847.74","Daily QR / DuitNow sales compiled for all outlets","POS-QR","Jack",""
"2026-12-17","income","Sales","1037.91","Daily cash sales compiled for all outlets","POS-Cash","Ahmad",""
"2026-12-17","income","Sales","1327.11","Daily card sales compiled for all outlets","POS-Card","Jack",""
"2026-12-17","income","Sales","1515.42","Daily QR / DuitNow sales compiled for all outlets","POS-QR","Sarah",""
"2026-12-18","income","Sales","849.58","Daily cash sales compiled for all outlets","POS-Cash","Jack",""
"2026-12-18","income","Sales","1202.50","Daily card sales compiled for all outlets","POS-Card","Sarah",""
"2026-12-18","income","Sales","1869.15","Daily QR / DuitNow sales compiled for all outlets","POS-QR","Ali",""
"2026-12-19","income","Sales","1024.40","Daily cash sales compiled for all outlets","POS-Cash","Sarah",""
"2026-12-19","income","Sales","1415.21","Daily card sales compiled for all outlets","POS-Card","Ali",""
"2026-12-19","income","Sales","2063.69","Daily QR / DuitNow sales compiled for all outlets","POS-QR","Tan",""
"2026-12-20","income","Sales","976.96","Daily cash sales compiled for all outlets","POS-Cash","Ali",""
"2026-12-20","income","Sales","1342.15","Daily card sales compiled for all outlets","POS-Card","Tan",""
"2026-12-20","income","Sales","1933.27","Daily QR / DuitNow sales compiled for all outlets","POS-QR","Lim",""
"2026-12-21","income","Sales","1054.12","Daily cash sales compiled for all outlets","POS-Cash","Tan",""
"2026-12-21","income","Sales","1654.28","Daily card sales compiled for all outlets","POS-Card","Lim",""
"2026-12-21","income","Sales","1799.36","Daily QR / DuitNow sales compiled for all outlets","POS-QR","Ahmad",""
"2026-12-22","income","Sales","1093.02","Daily cash sales compiled for all outlets","POS-Cash","Lim",""
"2026-12-22","income","Sales","1581.47","Daily card sales compiled for all outlets","POS-Card","Ahmad",""
"2026-12-22","income","Sales","1977.16","Daily QR / DuitNow sales compiled for all outlets","POS-QR","Jack",""
"2026-12-23","income","Sales","1107.12","Daily cash sales compiled for all outlets","POS-Cash","Ahmad",""
"2026-12-23","income","Sales","1674.03","Daily card sales compiled for all outlets","POS-Card","Jack",""
"2026-12-23","income","Sales","2149.76","Daily QR / DuitNow sales compiled for all outlets","POS-QR","Sarah",""
"2026-12-24","income","Sales","815.68","Daily cash sales compiled for all outlets","POS-Cash","Jack",""
"2026-12-24","income","Sales","1701.25","Daily card sales compiled for all outlets","POS-Card","Sarah",""
"2026-12-24","income","Sales","1532.84","Daily QR / DuitNow sales compiled for all outlets","POS-QR","Ali",""
"2026-12-25","income","Sales","1084.67","Daily cash sales compiled for all outlets","POS-Cash","Sarah",""
"2026-12-25","income","Sales","1521.72","Daily card sales compiled for all outlets","POS-Card","Ali",""
"2026-12-25","income","Sales","1534.23","Daily QR / DuitNow sales compiled for all outlets","POS-QR","Tan",""
"2026-12-26","income","Sales","1125.17","Daily cash sales compiled for all outlets","POS-Cash","Ali",""
"2026-12-26","income","Sales","1735.88","Daily card sales compiled for all outlets","POS-Card","Tan",""
"2026-12-26","income","Sales","2097.79","Daily QR / DuitNow sales compiled for all outlets","POS-QR","Lim",""
"2026-12-27","income","Sales","885.32","Daily cash sales compiled for all outlets","POS-Cash","Tan",""
"2026-12-27","income","Sales","1278.99","Daily card sales compiled for all outlets","POS-Card","Lim",""
"2026-12-27","income","Sales","1685.42","Daily QR / DuitNow sales compiled for all outlets","POS-QR","Ahmad",""
"2026-12-28","income","Sales","945.68","Daily cash sales compiled for all outlets","POS-Cash","Lim",""
"2026-12-28","income","Sales","1700.59","Daily card sales compiled for all outlets","POS-Card","Ahmad",""
"2026-12-28","income","Sales","1546.97","Daily QR / DuitNow sales compiled for all outlets","POS-QR","Jack",""
"2026-12-29","income","Sales","1145.24","Daily cash sales compiled for all outlets","POS-Cash","Ahmad",""
"2026-12-29","income","Sales","1668.88","Daily card sales compiled for all outlets","POS-Card","Jack",""
"2026-12-29","income","Sales","2086.67","Daily QR / DuitNow sales compiled for all outlets","POS-QR","Sarah",""
"2026-12-30","income","Sales","1122.82","Daily cash sales compiled for all outlets","POS-Cash","Jack",""
"2026-12-30","income","Sales","1460.31","Daily card sales compiled for all outlets","POS-Card","Sarah",""
"2026-12-30","income","Sales","1858.45","Daily QR / DuitNow sales compiled for all outlets","POS-QR","Ali",""
"2026-12-31","income","Sales","923.47","Daily cash sales compiled for all outlets","POS-Cash","Sarah",""
"2026-12-31","income","Sales","1423.11","Daily card sales compiled for all outlets","POS-Card","Ali",""
"2026-12-31","income","Sales","2105.99","Daily QR / DuitNow sales compiled for all outlets","POS-QR","Tan",""